id,name,city,country,neighbourhood,room_type,price,rating,reviews,bedrooms,guests,amenities,description,review_text,latitude,longitude,last_review
1,Luxury Private Room in General Luna,Siargao,Philippines,General Luna,Private Room,"₱1,450.00",4.57,35,1,4,Pet Friendly|Air Conditioning|Wifi|Beach Access,"A private room in General Luna, Siargao, Surigao del Norte. Great for travellers.","Perfect place, beautiful view and spotless. Would book again!",9.78362570410675,126.15839615351315,2025-10-04
2,Luxury Studio in Calle Crisologo,Vigan,Philippines,Calle Crisologo,Studio,"₱1,750.00",4.36,73,1,2,Pet Friendly|Pool|Breakfast,"A studio in Calle Crisologo, Vigan, Ilocos Sur. Great for travellers.","It was okay, decent location but nothing special.",17.575267309517173,120.3873820582161,2025-11-06
3,Rustic Entire Home in Tomas Morato,Metro Manila,Philippines,"Tomas Morato, Quezon City",Entire Home,"₱4,300.00",4.38,299,4,6,Breakfast|Workspace|Pet Friendly|Pool,"A entire home in Tomas Morato, Quezon City, Metro Manila, NCR. Great for travellers.","It was okay, decent location but nothing special.",14.62639813597491,121.03635503585218,2025-12-25
4,Modern Private Room in Dapa,Siargao,Philippines,Dapa,Private Room,"₱2,050.00",4.46,250,1,7,Parking|Kitchen|Wifi|Pet Friendly|Air Conditioning|Breakfast,"A private room in Dapa, Siargao, Surigao del Norte. Great for travellers.","Loved the location, great value and comfortable beds.",9.75531365805638,126.05834572685228,2025-09-19
5,Cozy Private Room in Urbiztondo,La Union,Philippines,"Urbiztondo, San Juan",Private Room,"₱1,500.00",,158,1,8,Parking|Breakfast|Washer,"A private room in Urbiztondo, San Juan, La Union, La Union. Great for travellers.","Dirty bathroom and very noisy at night, disappointing.",16.670276764256755,120.32408633153958,2025-11-12
6,Seaside Private Room in Malate,Metro Manila,Philippines,Malate,Private Room,"₱2,350.00",,203,1,7,Air Conditioning|Parking|Kitchen,"A private room in Malate, Metro Manila, NCR. Great for travellers.","Loved the location, great value and comfortable beds.",14.573334529809442,120.98557205359225,2025-03-15
7,Modern Private Room in Camp John Hay,Baguio,Philippines,Camp John Hay,Private Room,"₱1,850.00",4.69,118,1,4,Workspace|Air Conditioning|Kitchen|Wifi|Pet Friendly,"A private room in Camp John Hay, Baguio, Benguet. Great for travellers.","Loved the location, great value and comfortable beds.",16.39309650447875,120.61464874849254,2025-03-09
8,Luxury Studio in General Luna,Siargao,Philippines,General Luna,Studio,"₱2,700.00",4.29,203,1,7,Pet Friendly|Wifi|Air Conditioning|Washer,"A studio in General Luna, Siargao, Surigao del Norte. Great for travellers.","Average stay, basic amenities and fair price.",9.786052960127803,126.15885218254533,2025-07-02
9,Minimalist Studio in Cebu IT Park,Cebu,Philippines,Cebu IT Park,Studio,"₱1,950.00",4.37,192,1,3,Washer|Wifi|Breakfast,"A studio in Cebu IT Park, Cebu, Cebu. Great for travellers.","It was okay, decent location but nothing special.",10.32817527662827,123.90964374419137,2025-10-12
10,Rustic Shared Room in Station 1,Boracay,Philippines,Station 1,Shared Room,"₱2,600.00",4.4,82,1,1,Breakfast|Parking|Wifi|Kitchen|Workspace|Pool,"A shared room in Station 1, Boracay, Aklan. Great for travellers.","Average stay, basic amenities and fair price.",11.973641720053614,121.9226161675768,2025-06-05
11,Bright Shared Room in Alona Beach,Bohol,Philippines,"Alona Beach, Panglao",Shared Room,"₱1,000.00",4.4,168,1,4,Pool|Washer|Workspace|Kitchen|Parking|Beach Access,"A shared room in Alona Beach, Panglao, Bohol, Bohol. Great for travellers.","Average stay, basic amenities and fair price.",9.549905825782508,123.77730719411284,2025-04-26
12,Minimalist Shared Room in Cloud 9,Siargao,Philippines,Cloud 9,Shared Room,₱950.00,4.38,176,1,8,Wifi|Pet Friendly|Workspace|Pool|Air Conditioning|Beach Access,"A shared room in Cloud 9, Siargao, Surigao del Norte. Great for travellers.","Average stay, basic amenities and fair price.",9.811568525942388,126.16868502368855,2025-06-12
13,Sunny Private Room in Poblacion,Metro Manila,Philippines,"Poblacion, Makati",Private Room,"₱1,750.00",4.64,61,1,7,Breakfast|Washer|Workspace,"A private room in Poblacion, Makati, Metro Manila, NCR. Great for travellers.","Perfect place, beautiful view and spotless. Would book again!",14.567858423072785,121.03200112367864,2025-08-06
14,Modern Private Room in Burnham Park,Baguio,Philippines,Burnham Park,Private Room,"₱1,850.00",4.97,14,1,3,Breakfast|Workspace|Washer|Wifi|Kitchen|Parking,"A private room in Burnham Park, Baguio, Benguet. Great for travellers.","Perfect place, beautiful view and spotless. Would book again!",16.412726498419335,120.5927228310589,2025-11-05
15,Modern Bahay Kubo in Puerto Princesa City,Palawan,Philippines,Puerto Princesa City,Bahay Kubo,"₱3,150.00",4.24,222,1,4,Wifi|Kitchen|Parking,"A bahay kubo in Puerto Princesa City, Palawan, Palawan. Great for travellers. A traditional nipa hut.","It was okay, decent location but nothing special.",9.735423949805012,118.73300223833876,2025-09-08
16,Minimalist Private Room in Lanang,Davao,Philippines,Lanang,Private Room,"₱1,400.00",4.86,264,1,7,Washer|Breakfast|Pet Friendly,"A private room in Lanang, Davao, Davao del Sur. Great for travellers.","Amazing stay, super clean and the host was very friendly!",7.102617117459638,125.65302535024296,
17,Cozy Entire Home in Mactan Island,Cebu,Philippines,Mactan Island,Entire Home,"₱3,800.00",4.51,166,4,2,Pool|Breakfast|Parking|Washer|Beach Access,"A entire home in Mactan Island, Cebu, Cebu. Great for travellers.","Amazing stay, super clean and the host was very friendly!",10.314065822515506,123.97645458056024,
18,Bright Studio in Poblacion,Metro Manila,Philippines,"Poblacion, Makati",Studio,"₱3,300.00",,126,1,5,Washer|Air Conditioning|Pet Friendly|Pool|Breakfast|Parking,"A studio in Poblacion, Makati, Metro Manila, NCR. Great for travellers.","Amazing stay, super clean and the host was very friendly!",14.56898227370736,121.03314203953406,2025-04-27
19,Charming Entire Home in Station 2,Boracay,Philippines,Station 2,Entire Home,"₱7,100.00",4.73,73,3,3,Parking|Kitchen|Workspace|Breakfast,"A entire home in Station 2, Boracay, Aklan. Great for travellers.","Amazing stay, super clean and the host was very friendly!",11.968440358261331,121.92125670264642,2025-02-13
20,Charming Bahay Kubo in Tagaytay Ridge,Tagaytay,Philippines,Tagaytay Ridge,Bahay Kubo,"₱3,100.00",4.61,47,2,1,Pet Friendly|Workspace|Pool|Air Conditioning|Kitchen|Breakfast,"A bahay kubo in Tagaytay Ridge, Tagaytay, Cavite. Great for travellers. A traditional nipa hut.","Amazing stay, super clean and the host was very friendly!",14.114003837487342,120.96176936614755,2025-12-01
21,Cozy Entire Home in Burnham Park,Baguio,Philippines,Burnham Park,Entire Home,"₱3,350.00",5.0,92,3,3,Kitchen|Parking|Pool,"A entire home in Burnham Park, Baguio, Benguet. Great for travellers.","Amazing stay, super clean and the host was very friendly!",16.414558218146695,120.59579670261809,2025-11-27
22,Sunny Entire Home in Calle Crisologo,Vigan,Philippines,Calle Crisologo,Entire Home,"₱3,650.00",4.9,137,1,2,Washer|Kitchen|Pool|Wifi|Breakfast|Air Conditioning,"A entire home in Calle Crisologo, Vigan, Ilocos Sur. Great for travellers.","Perfect place, beautiful view and spotless. Would book again!",17.577113028732573,120.38356994020987,2025-04-03
23,Modern Studio in General Luna,Siargao,Philippines,General Luna,Studio,"₱2,600.00",3.74,103,1,5,Wifi|Air Conditioning|Pet Friendly|Kitchen|Beach Access,"A studio in General Luna, Siargao, Surigao del Norte. Great for travellers.","Bad experience, host was slow to reply and the bed was uncomfortable.",9.78792936877638,126.15924868671654,2025-04-10
24,Seaside Entire Home in Diniwid Beach,Boracay,Philippines,Diniwid Beach,Entire Home,"₱6,650.00",4.24,263,4,4,Wifi|Pet Friendly|Breakfast|Washer|Parking|Beach Access,"A entire home in Diniwid Beach, Boracay, Aklan. Great for travellers.","It was okay, decent location but nothing special.",11.985477142718258,121.91585025076022,2025-11-14
25,Quiet Bahay Kubo in Tagbilaran City,Bohol,Philippines,Tagbilaran City,Bahay Kubo,"₱2,050.00",4.55,220,1,1,Workspace|Washer|Wifi|Kitchen|Beach Access,"A bahay kubo in Tagbilaran City, Bohol, Bohol. Great for travellers. A traditional nipa hut.","Amazing stay, super clean and the host was very friendly!",9.643675878981664,123.8567301518548,2025-09-22
26,Charming Villa in Rizal Boulevard,Dumaguete,Philippines,Rizal Boulevard,Villa,"₱3,150.00",4.75,280,3,4,Parking|Breakfast|Wifi|Pool|Beach Access,"A villa in Rizal Boulevard, Dumaguete, Negros Oriental. Great for travellers.","Amazing stay, super clean and the host was very friendly!",9.303075573788028,123.30845910857377,2025-04-12
27,Cozy Private Room in Lahug,Cebu,Philippines,Lahug,Private Room,"₱1,800.00",4.27,201,1,1,Parking|Kitchen|Breakfast|Beach Access,"A private room in Lahug, Cebu, Cebu. Great for travellers.","It was okay, decent location but nothing special.",10.334097168475642,123.89903735901312,2025-02-19
28,Bright Villa in Rizal Boulevard,Dumaguete,Philippines,Rizal Boulevard,Villa,"₱5,200.00",4.5,219,2,1,Washer|Breakfast|Kitchen|Pool|Parking|Workspace|Beach Access,"A villa in Rizal Boulevard, Dumaguete, Negros Oriental. Great for travellers.","Perfect place, beautiful view and spotless. Would book again!",9.309411272972017,123.30607249213446,2025-12-22
29,Rustic Entire Home in Calle Crisologo,Vigan,Philippines,Calle Crisologo,Entire Home,"₱1,950.00",3.92,135,1,8,Pet Friendly|Wifi|Washer|Breakfast|Parking|Kitchen,"A entire home in Calle Crisologo, Vigan, Ilocos Sur. Great for travellers.","Average stay, basic amenities and fair price.",17.577081580416568,120.3888861229618,2025-09-18
30,Seaside Entire Home in Tomas Morato,Metro Manila,Philippines,"Tomas Morato, Quezon City",Entire Home,"₱5,450.00",3.83,118,4,8,Parking|Air Conditioning|Washer,"A entire home in Tomas Morato, Quezon City, Metro Manila, NCR. Great for travellers.","Bad experience, host was slow to reply and the bed was uncomfortable.",14.630764250003253,121.03061391898865,2025-11-10
31,Quiet Villa in Matina,Davao,Philippines,Matina,Villa,"₱4,050.00",4.25,50,2,8,Wifi|Breakfast|Pet Friendly|Air Conditioning,"A villa in Matina, Davao, Davao del Sur. Great for travellers.","Average stay, basic amenities and fair price.",7.048326851827435,125.59013228555236,2025-08-15
32,Bright Bahay Kubo in Station 1,Boracay,Philippines,Station 1,Bahay Kubo,"₱4,100.00",4.32,230,2,7,Breakfast|Wifi|Pool|Beach Access,"A bahay kubo in Station 1, Boracay, Aklan. Great for travellers. A traditional nipa hut.","Average stay, basic amenities and fair price.",11.973678697759901,121.92256469821515,2025-04-03
33,Rustic Shared Room in El Nido Town,Palawan,Philippines,El Nido Town,Shared Room,,4.2,201,1,1,Washer|Air Conditioning|Breakfast,"A shared room in El Nido Town, Palawan, Palawan. Great for travellers.","Average stay, basic amenities and fair price.",11.175672522151684,119.39659967657875,2025-11-15
34,Charming Entire Home in Burnham Park,Baguio,Philippines,Burnham Park,Entire Home,"₱2,950.00",4.87,203,1,4,Washer|Wifi|Pool,"A entire home in Burnham Park, Baguio, Benguet. Great for travellers.","Loved the location, great value and comfortable beds.",16.413704188526374,120.5962125325048,2025-05-09
35,Quiet Private Room in Camp John Hay,Baguio,Philippines,Camp John Hay,Private Room,"₱1,900.00",5.0,76,1,4,Parking|Kitchen|Wifi,"A private room in Camp John Hay, Baguio, Benguet. Great for travellers.","Loved the location, great value and comfortable beds.",16.400768308774573,120.61148992595142,2025-06-07
36,Rustic Bahay Kubo in Lanang,Davao,Philippines,Lanang,Bahay Kubo,"₱2,050.00",4.87,314,1,5,Pet Friendly|Air Conditioning|Washer|Wifi|Workspace|Breakfast,"A bahay kubo in Lanang, Davao, Davao del Sur. Great for travellers. A traditional nipa hut.","Perfect place, beautiful view and spotless. Would book again!",7.0998846006422625,125.65329524194759,2025-09-05
37,Modern Private Room in Lahug,Cebu,Philippines,Lahug,Private Room,"₱1,600.00",4.43,38,1,4,Air Conditioning|Parking|Pet Friendly|Breakfast|Workspace|Wifi|Beach Access,"A private room in Lahug, Cebu, Cebu. Great for travellers.","Loved the location, great value and comfortable beds.",10.33570483834183,123.90049461242539,2025-09-08
38,Charming Bahay Kubo in Station 2,Boracay,Philippines,Station 2,Bahay Kubo,"₱3,800.00",3.54,122,2,5,Air Conditioning|Kitchen|Breakfast|Pool|Beach Access,"A bahay kubo in Station 2, Boracay, Aklan. Great for travellers. A traditional nipa hut.","Dirty bathroom and very noisy at night, disappointing.",11.967174867556668,121.92111713474317,2025-01-24
39,Sunny Studio in Tagaytay Ridge,Tagaytay,Philippines,Tagaytay Ridge,Studio,"₱3,200.00",4.27,138,1,4,Parking|Washer|Kitchen|Breakfast|Pet Friendly|Workspace,"A studio in Tagaytay Ridge, Tagaytay, Cavite. Great for travellers.","It was okay, decent location but nothing special.",14.11437648607491,120.96326633370197,2025-07-10
40,Seaside Entire Home in Tagaytay Ridge,Tagaytay,Philippines,Tagaytay Ridge,Entire Home,"₱4,500.00",4.72,55,2,3,Wifi|Kitchen|Air Conditioning|Parking|Workspace|Washer,"A entire home in Tagaytay Ridge, Tagaytay, Cavite. Great for travellers.","Loved the location, great value and comfortable beds.",14.112516545910976,120.96587510015263,2025-02-27
41,Quiet Shared Room in Matina,Davao,Philippines,Matina,Shared Room,"₱1,050.00",5.0,65,1,5,Air Conditioning|Wifi|Washer|Workspace,"A shared room in Matina, Davao, Davao del Sur. Great for travellers.","Amazing stay, super clean and the host was very friendly!",7.0502260251424484,125.58949944422832,2025-02-04
42,Rustic Private Room in Tomas Morato,Metro Manila,Philippines,"Tomas Morato, Quezon City",Private Room,"₱1,750.00",4.81,142,1,6,Wifi|Pet Friendly|Parking|Pool,"A private room in Tomas Morato, Quezon City, Metro Manila, NCR. Great for travellers.","Loved the location, great value and comfortable beds.",14.629156605114902,121.03707019223228,2025-08-17
43,Cozy Entire Home in Cebu IT Park,Cebu,Philippines,Cebu IT Park,Entire Home,"₱3,700.00",4.43,173,4,6,Workspace|Kitchen|Pool|Breakfast|Air Conditioning|Pet Friendly|Beach Access,"A entire home in Cebu IT Park, Cebu, Cebu. Great for travellers.","Amazing stay, super clean and the host was very friendly!",10.328560533463737,123.90358463710588,2025-05-24
44,Quiet Private Room in Urbiztondo,La Union,Philippines,"Urbiztondo, San Juan",Private Room,"₱2,200.00",4.4,55,1,8,Air Conditioning|Breakfast|Kitchen|Pool,"A private room in Urbiztondo, San Juan, La Union, La Union. Great for travellers.","Average stay, basic amenities and fair price.",16.672880786489685,120.32817180944821,2025-08-14
45,Sunny Bahay Kubo in Tagaytay Ridge,Tagaytay,Philippines,Tagaytay Ridge,Bahay Kubo,"₱1,950.00",4.31,40,1,6,Wifi|Pet Friendly|Kitchen|Air Conditioning|Washer|Pool,"A bahay kubo in Tagaytay Ridge, Tagaytay, Cavite. Great for travellers. A traditional nipa hut.","It was okay, decent location but nothing special.",14.1128254681817,120.96331974598979,2025-09-24
46,Charming Villa in Station 2,Boracay,Philippines,Station 2,Villa,"₱10,900.00",4.65,215,1,4,Breakfast|Pool|Wifi|Workspace|Washer|Beach Access,"A villa in Station 2, Boracay, Aklan. Great for travellers.","Loved the location, great value and comfortable beds.",11.963741037521162,121.92564985667596,2025-05-27
47,Luxury Entire Home in Urbiztondo,La Union,Philippines,"Urbiztondo, San Juan",Entire Home,"₱3,550.00",3.95,20,4,1,Washer|Breakfast|Wifi|Pet Friendly|Air Conditioning|Beach Access,"A entire home in Urbiztondo, San Juan, La Union, La Union. Great for travellers.","It was okay, decent location but nothing special.",16.67171240491048,120.3274267046404,2025-01-09
48,Quiet Bahay Kubo in Cebu IT Park,Cebu,Philippines,Cebu IT Park,Bahay Kubo,"₱1,850.00",5.0,1,1,1,Wifi|Parking|Washer|Workspace|Pool,"A bahay kubo in Cebu IT Park, Cebu, Cebu. Great for travellers. A traditional nipa hut.","Loved the location, great value and comfortable beds.",10.329708146621815,123.90285809096547,2025-12-15
49,Modern Shared Room in Calle Crisologo,Vigan,Philippines,Calle Crisologo,Shared Room,₱950.00,4.57,310,1,4,Wifi|Parking|Workspace|Washer,"A shared room in Calle Crisologo, Vigan, Ilocos Sur. Great for travellers.","Loved the location, great value and comfortable beds.",17.573322398487402,120.38545639025335,2025-06-26
50,Rustic Studio in Poblacion District,Davao,Philippines,Poblacion District,Studio,"₱1,950.00",4.33,282,1,6,Workspace|Kitchen|Washer|Wifi,"A studio in Poblacion District, Davao, Davao del Sur. Great for travellers.","It was okay, decent location but nothing special.",7.061285539089456,125.60741243415377,2025-02-03
51,Seaside Private Room in General Luna,Siargao,Philippines,General Luna,Private Room,"₱1,950.00",5.0,275,1,2,Pool|Workspace|Air Conditioning|Parking,"A private room in General Luna, Siargao, Surigao del Norte. Great for travellers.","Amazing stay, super clean and the host was very friendly!",9.789138004734568,126.15735138733946,2025-05-19
52,Minimalist Shared Room in Cloud 9,Siargao,Philippines,Cloud 9,Shared Room,₱950.00,4.43,96,1,6,Air Conditioning|Pet Friendly|Kitchen|Pool,"A shared room in Cloud 9, Siargao, Surigao del Norte. Great for travellers.","Amazing stay, super clean and the host was very friendly!",9.805618432760005,126.1649132299657,2025-04-17
53,Cozy Shared Room in Diniwid Beach,Boracay,Philippines,Diniwid Beach,Shared Room,"₱2,200.00",4.66,97,1,4,Breakfast|Washer|Wifi|Pool|Beach Access,"A shared room in Diniwid Beach, Boracay, Aklan. Great for travellers.","Loved the location, great value and comfortable beds.",11.985441389982409,121.91797789570765,2025-03-15
54,Quiet Bahay Kubo in Puerto Princesa City,Palawan,Philippines,Puerto Princesa City,Bahay Kubo,"₱2,100.00",4.49,19,1,1,Air Conditioning|Wifi|Pool|Workspace|Kitchen|Beach Access,"A bahay kubo in Puerto Princesa City, Palawan, Palawan. Great for travellers. A traditional nipa hut.","Perfect place, beautiful view and spotless. Would book again!",9.741750664861634,118.73457195916642,2025-06-06
55,Quiet Private Room in El Nido Town,Palawan,Philippines,El Nido Town,Private Room,"₱3,000.00",4.38,209,1,5,Pet Friendly|Pool|Washer|Parking|Wifi|Kitchen|Beach Access,"A private room in El Nido Town, Palawan, Palawan. Great for travellers.","It was okay, decent location but nothing special.",11.179742487532353,119.3923427630635,2025-01-10
56,Luxury Studio in Lanang,Davao,Philippines,Lanang,Studio,"₱1,450.00",4.46,80,1,7,Workspace|Pet Friendly|Kitchen|Wifi,"A studio in Lanang, Davao, Davao del Sur. Great for travellers.","Loved the location, great value and comfortable beds.",7.09690831433656,125.64672390415706,2025-10-12
57,Modern Entire Home in Station 1,Boracay,Philippines,Station 1,Entire Home,"₱5,200.00",4.9,266,2,2,Washer|Pool|Kitchen|Beach Access,"A entire home in Station 1, Boracay, Aklan. Great for travellers.","Loved the location, great value and comfortable beds.",11.97287034275435,121.91892407719811,2025-04-10
58,Minimalist Private Room in Poblacion,Metro Manila,Philippines,"Poblacion, Makati",Private Room,"₱2,200.00",5.0,100,1,8,Kitchen|Pool|Washer|Pet Friendly|Parking|Air Conditioning,"A private room in Poblacion, Makati, Metro Manila, NCR. Great for travellers.","Amazing stay, super clean and the host was very friendly!",14.563063724348869,121.02774509501705,2025-07-17
59,Bright Entire Home in Lahug,Cebu,Philippines,Lahug,Entire Home,"₱3,250.00",4.38,156,4,5,Washer|Kitchen|Air Conditioning|Beach Access,"A entire home in Lahug, Cebu, Cebu. Great for travellers.","It was okay, decent location but nothing special.",10.336360997286395,123.89740591874057,2025-11-12
60,Luxury Entire Home in Station 2,Boracay,Philippines,Station 2,Entire Home,"₱4,950.00",3.76,54,1,3,Air Conditioning|Breakfast|Workspace|Parking|Pet Friendly|Kitchen,"A entire home in Station 2, Boracay, Aklan. Great for travellers.","Bad experience, host was slow to reply and the bed was uncomfortable.",11.96356860057298,121.92242265850852,2025-08-17
61,Modern Entire Home in Station 1,Boracay,Philippines,Station 1,Entire Home,"₱5,600.00",4.77,13,1,2,Wifi|Workspace|Washer,"A entire home in Station 1, Boracay, Aklan. Great for travellers.","Perfect place, beautiful view and spotless. Would book again!",11.973549658425547,121.92285382472787,2025-08-10
62,Minimalist Villa in Rizal Boulevard,Dumaguete,Philippines,Rizal Boulevard,Villa,"₱5,200.00",4.36,140,4,3,Washer|Parking|Kitchen|Beach Access,"A villa in Rizal Boulevard, Dumaguete, Negros Oriental. Great for travellers.","It was okay, decent location but nothing special.",9.304833291190995,123.30911462237358,2025-08-07
63,Cozy Studio in Puerto Princesa City,Palawan,Philippines,Puerto Princesa City,Studio,"₱3,150.00",4.72,184,1,8,Washer|Workspace|Kitchen|Pool|Wifi,"A studio in Puerto Princesa City, Palawan, Palawan. Great for travellers.","Amazing stay, super clean and the host was very friendly!",9.739641440970985,118.73594034948877,2025-02-09
64,Minimalist Shared Room in Rizal Boulevard,Dumaguete,Philippines,Rizal Boulevard,Shared Room,₱700.00,4.55,24,1,5,Pool|Washer|Pet Friendly|Wifi|Air Conditioning|Beach Access,"A shared room in Rizal Boulevard, Dumaguete, Negros Oriental. Great for travellers.","Loved the location, great value and comfortable beds.",9.30935859437681,123.3034292200035,2025-11-28
65,Cozy Bahay Kubo in Puerto Princesa City,Palawan,Philippines,Puerto Princesa City,Bahay Kubo,"₱3,300.00",4.5,11,1,1,Workspace|Washer|Wifi|Kitchen|Air Conditioning|Breakfast,"A bahay kubo in Puerto Princesa City, Palawan, Palawan. Great for travellers. A traditional nipa hut.","Loved the location, great value and comfortable beds.",9.739736969325243,118.7337299102489,2025-09-12
66,Rustic Studio in Station 2,Boracay,Philippines,Station 2,Studio,"₱5,250.00",4.25,49,1,2,Breakfast|Pool|Kitchen|Wifi|Workspace,"A studio in Station 2, Boracay, Aklan. Great for travellers.","It was okay, decent location but nothing special.",11.965805680772347,121.92647028479966,2025-05-13
67,Cozy Entire Home in Urbiztondo,La Union,Philippines,"Urbiztondo, San Juan",Entire Home,"₱4,400.00",4.87,207,2,4,Pet Friendly|Breakfast|Kitchen|Workspace|Wifi|Parking|Beach Access,"A entire home in Urbiztondo, San Juan, La Union, La Union. Great for travellers.","Perfect place, beautiful view and spotless. Would book again!",16.669273732963706,120.32829393570297,2025-02-01
68,Cozy Bahay Kubo in Puerto Princesa City,Palawan,Philippines,Puerto Princesa City,Bahay Kubo,"₱2,150.00",,192,2,8,Pool|Parking|Wifi|Pet Friendly|Workspace|Air Conditioning,"A bahay kubo in Puerto Princesa City, Palawan, Palawan. Great for travellers. A traditional nipa hut.","It was okay, decent location but nothing special.",9.735843828436241,118.7365442500861,2025-03-08
69,Bright Private Room in Rizal Boulevard,Dumaguete,Philippines,Rizal Boulevard,Private Room,₱900.00,4.2,135,1,5,Parking|Workspace|Washer,"A private room in Rizal Boulevard, Dumaguete, Negros Oriental. Great for travellers.","Average stay, basic amenities and fair price.",9.30793602548412,123.3091211264905,2025-04-03
70,Charming Entire Home in Tagaytay Ridge,Tagaytay,Philippines,Tagaytay Ridge,Entire Home,"₱6,000.00",5.0,307,2,7,Pool|Washer|Kitchen|Air Conditioning,"A entire home in Tagaytay Ridge, Tagaytay, Cavite. Great for travellers.","Perfect place, beautiful view and spotless. Would book again!",14.118560547152276,120.96314556834231,2025-12-22
71,Minimalist Studio in Urbiztondo,La Union,Philippines,"Urbiztondo, San Juan",Studio,"₱2,450.00",4.58,87,1,3,Parking|Air Conditioning|Breakfast|Pet Friendly|Beach Access,"A studio in Urbiztondo, San Juan, La Union, La Union. Great for travellers.","Perfect place, beautiful view and spotless. Would book again!",16.668263308884317,120.32189514434974,2025-10-06
72,Charming Villa in General Luna,Siargao,Philippines,General Luna,Villa,"₱4,850.00",4.5,102,1,7,Kitchen|Wifi|Breakfast,"A villa in General Luna, Siargao, Surigao del Norte. Great for travellers.","Amazing stay, super clean and the host was very friendly!",9.78375692711154,126.1566457873108,2025-02-02
73,Quiet Shared Room in Poblacion,Metro Manila,Philippines,"Poblacion, Makati",Shared Room,"₱1,350.00",4.46,10,1,6,Parking|Washer|Pool|Air Conditioning,"A shared room in Poblacion, Makati, Metro Manila, NCR. Great for travellers.","Amazing stay, super clean and the host was very friendly!",14.563653618128901,121.02826074576666,2025-12-25
74,Sunny Shared Room in Camp John Hay,Baguio,Philippines,Camp John Hay,Shared Room,₱950.00,4.66,177,1,8,Wifi|Workspace|Pet Friendly|Air Conditioning|Parking,"A shared room in Camp John Hay, Baguio, Benguet. Great for travellers.","Loved the location, great value and comfortable beds.",16.398637275758272,120.61230304435288,
75,Sunny Studio in Tagaytay Ridge,Tagaytay,Philippines,Tagaytay Ridge,Studio,"₱2,700.00",4.11,251,1,3,Wifi|Washer|Air Conditioning,"A studio in Tagaytay Ridge, Tagaytay, Cavite. Great for travellers.","Average stay, basic amenities and fair price.",14.119037249523078,120.96284043872042,2025-09-09
76,Rustic Private Room in El Nido Town,Palawan,Philippines,El Nido Town,Private Room,"₱2,000.00",4.67,287,1,2,Breakfast|Pool|Wifi|Washer,"A private room in El Nido Town, Palawan, Palawan. Great for travellers.","Perfect place, beautiful view and spotless. Would book again!",11.179423457606235,119.39184493649573,2025-07-13
77,Bright Studio in Tagaytay Ridge,Tagaytay,Philippines,Tagaytay Ridge,Studio,"₱3,450.00",4.29,304,1,1,Workspace|Air Conditioning|Breakfast|Kitchen,"A studio in Tagaytay Ridge, Tagaytay, Cavite. Great for travellers.","Average stay, basic amenities and fair price.",14.114087883554792,120.96071328163873,2025-03-28
78,Seaside Entire Home in Urbiztondo,La Union,Philippines,"Urbiztondo, San Juan",Entire Home,"₱3,450.00",4.71,259,2,5,Pool|Washer|Air Conditioning|Breakfast,"A entire home in Urbiztondo, San Juan, La Union, La Union. Great for travellers.","Loved the location, great value and comfortable beds.",16.670412061557457,120.32662532930533,2025-10-05
79,Luxury Villa in Poblacion District,Davao,Philippines,Poblacion District,Villa,"₱5,400.00",4.35,77,2,5,Kitchen|Pool|Washer|Wifi|Pet Friendly,"A villa in Poblacion District, Davao, Davao del Sur. Great for travellers.","It was okay, decent location but nothing special.",7.065866340774143,125.60747938402139,2025-04-04
80,Seaside Private Room in El Nido Town,Palawan,Philippines,El Nido Town,Private Room,"₱3,150.00",4.71,256,1,5,Wifi|Workspace|Breakfast,"A private room in El Nido Town, Palawan, Palawan. Great for travellers.","Loved the location, great value and comfortable beds.",11.17810623397959,119.39013450022085,2025-10-24
81,Rustic Private Room in Burnham Park,Baguio,Philippines,Burnham Park,Private Room,"₱1,900.00",4.36,221,1,6,Air Conditioning|Pool|Washer|Wifi,"A private room in Burnham Park, Baguio, Benguet. Great for travellers.","Average stay, basic amenities and fair price.",16.410078464664714,120.594605201429,2025-07-08
82,Charming Villa in Matina,Davao,Philippines,Matina,Villa,"₱3,900.00",4.06,5,4,8,Breakfast|Wifi|Parking|Air Conditioning|Workspace|Kitchen,"A villa in Matina, Davao, Davao del Sur. Great for travellers.","Average stay, basic amenities and fair price.",7.053265535710729,125.58685104012717,2025-05-18
83,Luxury Shared Room in Mactan Island,Cebu,Philippines,Mactan Island,Shared Room,"₱1,350.00",4.34,233,1,4,Breakfast|Wifi|Washer|Pool|Beach Access,"A shared room in Mactan Island, Cebu, Cebu. Great for travellers.","Average stay, basic amenities and fair price.",10.314922223787567,123.97747042109921,2025-09-25
84,Minimalist Entire Home in Calle Crisologo,Vigan,Philippines,Calle Crisologo,Entire Home,"₱2,350.00",4.48,135,1,4,Wifi|Pet Friendly|Breakfast|Air Conditioning|Washer|Pool,"A entire home in Calle Crisologo, Vigan, Ilocos Sur. Great for travellers.","Loved the location, great value and comfortable beds.",17.573127963062614,120.3861038215363,2025-09-08
85,Luxury Studio in Rizal Boulevard,Dumaguete,Philippines,Rizal Boulevard,Studio,"₱1,450.00",4.62,239,1,5,Breakfast|Air Conditioning|Workspace|Kitchen|Beach Access,"A studio in Rizal Boulevard, Dumaguete, Negros Oriental. Great for travellers.","Perfect place, beautiful view and spotless. Would book again!",9.308879103442925,123.30659686020168,2025-08-12
86,Quiet Private Room in Urbiztondo,La Union,Philippines,"Urbiztondo, San Juan",Private Room,"₱1,550.00",4.44,164,1,8,Pool|Breakfast|Wifi|Washer|Pet Friendly|Parking|Beach Access,"A private room in Urbiztondo, San Juan, La Union, La Union. Great for travellers.","Loved the location, great value and comfortable beds.",16.671879353668004,120.32598691145404,2025-02-22
87,Cozy Bahay Kubo in Tagaytay Ridge,Tagaytay,Philippines,Tagaytay Ridge,Bahay Kubo,"₱3,100.00",5.0,5,1,2,Pet Friendly|Washer|Breakfast|Parking,"A bahay kubo in Tagaytay Ridge, Tagaytay, Cavite. Great for travellers. A traditional nipa hut.","Loved the location, great value and comfortable beds.",14.11654765391904,120.96010021246721,2025-02-19
88,Sunny Entire Home in Cebu IT Park,Cebu,Philippines,Cebu IT Park,Entire Home,"₱3,800.00",4.73,280,3,4,Workspace|Pool|Parking|Washer,"A entire home in Cebu IT Park, Cebu, Cebu. Great for travellers.","Amazing stay, super clean and the host was very friendly!",10.32705569269018,123.90370480618066,2025-02-24
89,Seaside Studio in Urbiztondo,La Union,Philippines,"Urbiztondo, San Juan",Studio,"₱2,050.00",4.52,255,1,3,Breakfast|Pet Friendly|Kitchen,"A studio in Urbiztondo, San Juan, La Union, La Union. Great for travellers.","Loved the location, great value and comfortable beds.",16.672316341674303,120.3279030215582,2025-01-06
90,Cozy Villa in Urbiztondo,La Union,Philippines,"Urbiztondo, San Juan",Villa,"₱5,800.00",4.69,10,1,6,Washer|Workspace|Air Conditioning|Pet Friendly|Wifi|Kitchen,"A villa in Urbiztondo, San Juan, La Union, La Union. Great for travellers.","Loved the location, great value and comfortable beds.",16.67446879666935,120.32175180581275,2025-08-16
91,Luxury Entire Home in Poblacion District,Davao,Philippines,Poblacion District,Entire Home,"₱3,600.00",4.28,128,1,5,Breakfast|Air Conditioning|Pool|Pet Friendly|Workspace,"A entire home in Poblacion District, Davao, Davao del Sur. Great for travellers.","Average stay, basic amenities and fair price.",7.062343062600802,125.61062187257372,2025-07-11
92,Sunny Bahay Kubo in Station 2,Boracay,Philippines,Station 2,Bahay Kubo,"₱3,550.00",4.27,20,2,7,Kitchen|Washer|Pet Friendly|Pool|Breakfast|Workspace|Beach Access,"A bahay kubo in Station 2, Boracay, Aklan. Great for travellers. A traditional nipa hut.","It was okay, decent location but nothing special.",11.965063208924178,121.91989759668103,2025-05-04
93,Sunny Shared Room in Bonifacio Global City,Metro Manila,Philippines,Bonifacio Global City,Shared Room,"₱1,250.00",4.51,92,1,1,Pool|Kitchen|Breakfast|Wifi|Air Conditioning|Workspace,"A shared room in Bonifacio Global City, Metro Manila, NCR. Great for travellers.","Perfect place, beautiful view and spotless. Would book again!",14.550272571335706,121.04710484592401,2025-11-01
94,Luxury Shared Room in Session Road,Baguio,Philippines,Session Road,Shared Room,₱900.00,4.38,289,1,1,Pool|Workspace|Wifi|Pet Friendly|Breakfast,"A shared room in Session Road, Baguio, Benguet. Great for travellers.","Average stay, basic amenities and fair price.",16.411782120607345,120.59617723220822,2025-02-25
95,Cozy Studio in Urbiztondo,La Union,Philippines,"Urbiztondo, San Juan",Studio,"₱1,650.00",4.14,218,1,1,Workspace|Kitchen|Wifi|Washer|Air Conditioning|Breakfast,"A studio in Urbiztondo, San Juan, La Union, La Union. Great for travellers.","It was okay, decent location but nothing special.",16.668074619751202,120.32635492987166,2025-02-07
96,Modern Studio in Tagaytay Ridge,Tagaytay,Philippines,Tagaytay Ridge,Studio,"₱2,700.00",4.81,43,1,5,Breakfast|Pool|Wifi|Pet Friendly,"A studio in Tagaytay Ridge, Tagaytay, Cavite. Great for travellers.","Perfect place, beautiful view and spotless. Would book again!",14.11632898523554,120.96377388120283,2025-08-22
97,Minimalist Bahay Kubo in Calle Crisologo,Vigan,Philippines,Calle Crisologo,Bahay Kubo,"₱1,050.00",4.62,84,2,1,Workspace|Parking|Pool,"A bahay kubo in Calle Crisologo, Vigan, Ilocos Sur. Great for travellers. A traditional nipa hut.","Perfect place, beautiful view and spotless. Would book again!",17.573230235968087,120.39049007969945,2025-12-15
98,Minimalist Entire Home in Station 1,Boracay,Philippines,Station 1,Entire Home,"₱8,850.00",4.52,170,3,5,Workspace|Breakfast|Air Conditioning|Pet Friendly,"A entire home in Station 1, Boracay, Aklan. Great for travellers.","Loved the location, great value and comfortable beds.",11.97248510245215,121.92279160956447,2025-12-26
99,Quiet Bahay Kubo in Urbiztondo,La Union,Philippines,"Urbiztondo, San Juan",Bahay Kubo,"₱2,200.00",4.7,0,2,5,Air Conditioning|Workspace|Pet Friendly|Washer|Breakfast|Kitchen,"A bahay kubo in Urbiztondo, San Juan, La Union, La Union. Great for travellers. A traditional nipa hut.","Loved the location, great value and comfortable beds.",16.67014418407813,120.32225824353615,2025-01-10
100,Seaside Private Room in Urbiztondo,La Union,Philippines,"Urbiztondo, San Juan",Private Room,"₱2,100.00",4.52,158,1,1,Washer|Kitchen|Parking|Workspace|Air Conditioning|Pet Friendly|Beach Access,"A private room in Urbiztondo, San Juan, La Union, La Union. Great for travellers.","Perfect place, beautiful view and spotless. Would book again!",16.67342129584524,120.32472258339574,2025-04-09
101,Bright Shared Room in El Nido Town,Palawan,Philippines,El Nido Town,Shared Room,"₱1,400.00",5.0,301,1,4,Workspace|Parking|Pet Friendly|Breakfast|Beach Access,"A shared room in El Nido Town, Palawan, Palawan. Great for travellers.","Amazing stay, super clean and the host was very friendly!",11.175913211382191,119.39053851229502,2025-03-26
102,Charming Studio in Tagbilaran City,Bohol,Philippines,Tagbilaran City,Studio,"₱2,650.00",4.83,237,1,2,Air Conditioning|Wifi|Pet Friendly|Pool,"A studio in Tagbilaran City, Bohol, Bohol. Great for travellers.","Perfect place, beautiful view and spotless. Would book again!",9.644249239582765,123.8547776991147,2025-06-09
103,Minimalist Entire Home in Station 1,Boracay,Philippines,Station 1,Entire Home,"₱5,950.00",4.81,311,2,5,Parking|Pet Friendly|Air Conditioning|Wifi,"A entire home in Station 1, Boracay, Aklan. Great for travellers.","Perfect place, beautiful view and spotless. Would book again!",11.978749973657004,121.91771074540621,2025-03-13
104,Charming Entire Home in Poblacion,Metro Manila,Philippines,"Poblacion, Makati",Entire Home,"₱4,300.00",4.17,289,2,2,Kitchen|Workspace|Wifi|Washer|Breakfast|Pool,"A entire home in Poblacion, Makati, Metro Manila, NCR. Great for travellers.","Average stay, basic amenities and fair price.",14.56925136020904,121.03135777190367,2025-07-06
105,Rustic Private Room in Station 1,Boracay,Philippines,Station 1,Private Room,"₱2,850.00",4.46,28,1,2,Wifi|Pet Friendly|Workspace|Breakfast|Pool,"A private room in Station 1, Boracay, Aklan. Great for travellers.","Loved the location, great value and comfortable beds.",11.973158380527359,121.9210396059755,2025-04-22
106,Rustic Studio in Matina,Davao,Philippines,Matina,Studio,"₱2,450.00",4.29,194,1,3,Washer|Pet Friendly|Pool|Air Conditioning|Wifi|Workspace,"A studio in Matina, Davao, Davao del Sur. Great for travellers.","It was okay, decent location but nothing special.",7.049531078650859,125.59246043235918,2025-11-01
107,Rustic Shared Room in Station 1,Boracay,Philippines,Station 1,Shared Room,"₱1,500.00",4.57,173,1,6,Pool|Breakfast|Wifi|Air Conditioning|Workspace,"A shared room in Station 1, Boracay, Aklan. Great for travellers.","Perfect place, beautiful view and spotless. Would book again!",11.978584486617677,121.918820306308,2025-11-12
108,Modern Shared Room in Cebu IT Park,Cebu,Philippines,Cebu IT Park,Shared Room,₱850.00,4.38,13,1,5,Breakfast|Pool|Pet Friendly|Air Conditioning|Beach Access,"A shared room in Cebu IT Park, Cebu, Cebu. Great for travellers.","Average stay, basic amenities and fair price.",10.327667922821018,123.90437240840998,2025-03-09
109,Seaside Studio in Station 2,Boracay,Philippines,Station 2,Studio,"₱4,900.00",4.74,186,1,7,Pet Friendly|Breakfast|Workspace|Pool|Beach Access,"A studio in Station 2, Boracay, Aklan. Great for travellers.","Perfect place, beautiful view and spotless. Would book again!",11.968628167537542,121.92748468501799,2025-04-04
110,Bright Private Room in Camp John Hay,Baguio,Philippines,Camp John Hay,Private Room,"₱1,100.00",4.85,71,1,8,Pool|Wifi|Air Conditioning|Parking|Pet Friendly,"A private room in Camp John Hay, Baguio, Benguet. Great for travellers.","Perfect place, beautiful view and spotless. Would book again!",16.393015384244297,120.61465795802734,2025-09-10
111,Minimalist Entire Home in Lahug,Cebu,Philippines,Lahug,Entire Home,"₱3,700.00",4.46,253,3,3,Pool|Air Conditioning|Parking|Wifi,"A entire home in Lahug, Cebu, Cebu. Great for travellers.","Amazing stay, super clean and the host was very friendly!",10.333348255296768,123.89889946655451,2025-12-21
112,Rustic Private Room in Urbiztondo,La Union,Philippines,"Urbiztondo, San Juan",Private Room,"₱1,200.00",4.72,68,1,5,Wifi|Washer|Pool|Workspace|Air Conditioning|Pet Friendly|Beach Access,"A private room in Urbiztondo, San Juan, La Union, La Union. Great for travellers.","Perfect place, beautiful view and spotless. Would book again!",16.669986719857814,120.32550502084682,2025-06-02
113,Charming Studio in Lahug,Cebu,Philippines,Lahug,Studio,"₱3,250.00",4.0,195,1,1,Washer|Air Conditioning|Workspace,"A studio in Lahug, Cebu, Cebu. Great for travellers.","It was okay, decent location but nothing special.",10.334032333318758,123.8948615084263,2025-12-16
114,Quiet Studio in Station 1,Boracay,Philippines,Station 1,Studio,"₱5,050.00",5.0,128,1,1,Kitchen|Air Conditioning|Parking|Pet Friendly|Beach Access,"A studio in Station 1, Boracay, Aklan. Great for travellers.","Amazing stay, super clean and the host was very friendly!",11.972155609315424,121.92241049347514,2025-12-07
115,Rustic Villa in Dapa,Siargao,Philippines,Dapa,Villa,"₱6,900.00",4.53,299,3,2,Pool|Wifi|Pet Friendly|Beach Access,"A villa in Dapa, Siargao, Surigao del Norte. Great for travellers.","Loved the location, great value and comfortable beds.",9.755976299054716,126.05624520414379,2025-03-18
116,Cozy Entire Home in El Nido Town,Palawan,Philippines,El Nido Town,Entire Home,"₱5,600.00",4.88,185,3,7,Pool|Wifi|Washer|Air Conditioning|Workspace|Breakfast|Beach Access,"A entire home in El Nido Town, Palawan, Palawan. Great for travellers.","Perfect place, beautiful view and spotless. Would book again!",11.17632301671735,119.39168066029045,2025-07-27
117,Bright Shared Room in Rizal Boulevard,Dumaguete,Philippines,Rizal Boulevard,Shared Room,₱950.00,4.9,95,1,2,Air Conditioning|Workspace|Washer|Breakfast|Wifi|Beach Access,"A shared room in Rizal Boulevard, Dumaguete, Negros Oriental. Great for travellers.","Perfect place, beautiful view and spotless. Would book again!",9.305394801988188,123.30300627892642,
118,Quiet Bahay Kubo in Lahug,Cebu,Philippines,Lahug,Bahay Kubo,"₱2,500.00",,319,2,1,Wifi|Pet Friendly|Workspace,"A bahay kubo in Lahug, Cebu, Cebu. Great for travellers. A traditional nipa hut.","Loved the location, great value and comfortable beds.",10.336670062261849,123.89600464910994,2025-09-01
119,Sunny Private Room in Session Road,Baguio,Philippines,Session Road,Private Room,"₱1,350.00",4.39,261,1,3,Breakfast|Pool|Air Conditioning,"A private room in Session Road, Baguio, Benguet. Great for travellers.","Average stay, basic amenities and fair price.",16.414881523674346,120.59932470538655,2025-10-10
120,Bright Entire Home in Dapa,Siargao,Philippines,Dapa,Entire Home,"₱4,550.00",4.36,155,4,8,Workspace|Air Conditioning|Parking|Washer|Beach Access,"A entire home in Dapa, Siargao, Surigao del Norte. Great for travellers.","Average stay, basic amenities and fair price.",9.761550557393463,126.05324769873872,2025-06-08
121,Seaside Private Room in Mactan Island,Cebu,Philippines,Mactan Island,Private Room,"₱1,950.00",4.83,151,1,1,Pet Friendly|Washer|Air Conditioning|Pool|Breakfast,"A private room in Mactan Island, Cebu, Cebu. Great for travellers.","Amazing stay, super clean and the host was very friendly!",10.313177028776513,123.97726853344149,2025-02-20
122,Luxury Villa in Tagaytay Ridge,Tagaytay,Philippines,Tagaytay Ridge,Villa,"₱7,650.00",4.52,172,3,3,Kitchen|Air Conditioning|Washer|Workspace|Pet Friendly,"A villa in Tagaytay Ridge, Tagaytay, Cavite. Great for travellers.","Loved the location, great value and comfortable beds.",14.116702751755863,120.96303037304943,2025-05-27
123,Minimalist Shared Room in Urbiztondo,La Union,Philippines,"Urbiztondo, San Juan",Shared Room,"₱1,100.00",4.52,60,1,8,Workspace|Kitchen|Wifi|Air Conditioning,"A shared room in Urbiztondo, San Juan, La Union, La Union. Great for travellers.","Perfect place, beautiful view and spotless. Would book again!",16.671179947374032,120.32894339535069,2025-03-14
124,Luxury Bahay Kubo in Tagaytay Ridge,Tagaytay,Philippines,Tagaytay Ridge,Bahay Kubo,"₱2,700.00",4.1,269,2,6,Breakfast|Parking|Washer|Pool|Workspace|Pet Friendly,"A bahay kubo in Tagaytay Ridge, Tagaytay, Cavite. Great for travellers. A traditional nipa hut.","Average stay, basic amenities and fair price.",14.111354095970814,120.96406622126399,2025-08-13
125,Seaside Studio in Station 1,Boracay,Philippines,Station 1,Studio,"₱5,950.00",4.19,166,1,4,Washer|Pet Friendly|Workspace,"A studio in Station 1, Boracay, Aklan. Great for travellers.","It was okay, decent location but nothing special.",11.979776964749483,121.92213003116312,
126,Luxury Private Room in Tomas Morato,Metro Manila,Philippines,"Tomas Morato, Quezon City",Private Room,"₱1,900.00",4.63,237,1,6,Pet Friendly|Workspace|Parking|Breakfast|Air Conditioning,"A private room in Tomas Morato, Quezon City, Metro Manila, NCR. Great for travellers.","Perfect place, beautiful view and spotless. Would book again!",14.624325695430917,121.03540981133885,2025-08-01
127,Minimalist Entire Home in Alona Beach,Bohol,Philippines,"Alona Beach, Panglao",Entire Home,"₱4,050.00",4.14,175,1,3,Workspace|Breakfast|Air Conditioning|Pet Friendly,"A entire home in Alona Beach, Panglao, Bohol, Bohol. Great for travellers.","It was okay, decent location but nothing special.",9.547901735086326,123.77393326169124,2025-02-27
128,Bright Entire Home in General Luna,Siargao,Philippines,General Luna,Entire Home,"₱5,550.00",,106,2,7,Pet Friendly|Workspace|Washer|Kitchen|Parking|Beach Access,"A entire home in General Luna, Siargao, Surigao del Norte. Great for travellers.","Perfect place, beautiful view and spotless. Would book again!",9.784359279361972,126.16004078552514,
129,Sunny Entire Home in Burnham Park,Baguio,Philippines,Burnham Park,Entire Home,"₱2,300.00",3.98,300,1,1,Parking|Workspace|Breakfast,"A entire home in Burnham Park, Baguio, Benguet. Great for travellers.","Average stay, basic amenities and fair price.",16.409573203216503,120.59298289059215,2025-09-19
130,Bright Bahay Kubo in Dapa,Siargao,Philippines,Dapa,Bahay Kubo,"₱2,350.00",4.83,54,1,2,Workspace|Kitchen|Breakfast|Pet Friendly|Beach Access,"A bahay kubo in Dapa, Siargao, Surigao del Norte. Great for travellers. A traditional nipa hut.","Amazing stay, super clean and the host was very friendly!",9.755609040568503,126.0605826902105,2025-08-27
131,Sunny Shared Room in Station 2,Boracay,Philippines,Station 2,Shared Room,"₱1,400.00",5.0,298,1,2,Air Conditioning|Washer|Pool|Kitchen|Beach Access,"A shared room in Station 2, Boracay, Aklan. Great for travellers.","Loved the location, great value and comfortable beds.",11.963491148614386,121.92309870729589,2025-07-01
132,Cozy Studio in Malate,Metro Manila,Philippines,Malate,Studio,"₱4,100.00",4.55,81,1,3,Air Conditioning|Pet Friendly|Kitchen,"A studio in Malate, Metro Manila, NCR. Great for travellers.","Loved the location, great value and comfortable beds.",14.56851834797896,120.98879094221992,2025-08-10
133,Rustic Private Room in Camp John Hay,Baguio,Philippines,Camp John Hay,Private Room,"₱1,550.00",4.75,11,1,4,Workspace|Parking|Air Conditioning|Washer,"A private room in Camp John Hay, Baguio, Benguet. Great for travellers.","Loved the location, great value and comfortable beds.",16.3936997251614,120.60935939445247,2025-07-06
134,Charming Private Room in Ortigas Center,Metro Manila,Philippines,Ortigas Center,Private Room,"₱2,000.00",4.42,283,1,4,Washer|Workspace|Pet Friendly|Wifi|Breakfast|Air Conditioning,"A private room in Ortigas Center, Metro Manila, NCR. Great for travellers.","Loved the location, great value and comfortable beds.",14.585698908733798,121.05643611082337,2025-06-08
135,Seaside Villa in Station 2,Boracay,Philippines,Station 2,Villa,"₱10,600.00",4.81,81,3,6,Parking|Pool|Pet Friendly|Air Conditioning|Beach Access,"A villa in Station 2, Boracay, Aklan. Great for travellers.","Amazing stay, super clean and the host was very friendly!",11.962431809301524,121.92274121674161,2025-11-19
136,Luxury Studio in Lahug,Cebu,Philippines,Lahug,Studio,"₱2,150.00",4.95,311,1,4,Parking|Breakfast|Pet Friendly|Pool|Beach Access,"A studio in Lahug, Cebu, Cebu. Great for travellers.","Loved the location, great value and comfortable beds.",10.33270413333609,123.90000546044843,2025-11-17
137,Seaside Shared Room in Ortigas Center,Metro Manila,Philippines,Ortigas Center,Shared Room,"₱1,500.00",5.0,164,1,4,Wifi|Workspace|Washer|Pet Friendly|Kitchen,"A shared room in Ortigas Center, Metro Manila, NCR. Great for travellers.","Amazing stay, super clean and the host was very friendly!",14.587901990442951,121.05357169051577,2025-09-12
138,Charming Entire Home in Urbiztondo,La Union,Philippines,"Urbiztondo, San Juan",Entire Home,"₱4,150.00",4.6,206,4,3,Parking|Pool|Workspace|Washer|Beach Access,"A entire home in Urbiztondo, San Juan, La Union, La Union. Great for travellers.","Amazing stay, super clean and the host was very friendly!",16.675493920879155,120.32241114747701,2025-06-22
139,Seaside Bahay Kubo in Urbiztondo,La Union,Philippines,"Urbiztondo, San Juan",Bahay Kubo,"₱1,300.00",4.39,20,2,1,Kitchen|Pool|Breakfast|Wifi|Workspace,"A bahay kubo in Urbiztondo, San Juan, La Union, La Union. Great for travellers. A traditional nipa hut.","Average stay, basic amenities and fair price.",16.672868237266663,120.32444562406529,2025-05-05
140,Minimalist Studio in Session Road,Baguio,Philippines,Session Road,Studio,"₱2,400.00",4.13,178,1,1,Breakfast|Parking|Air Conditioning|Washer,"A studio in Session Road, Baguio, Benguet. Great for travellers.","It was okay, decent location but nothing special.",16.408694976963655,120.59810962937931,2025-11-10
141,Minimalist Bahay Kubo in Tagaytay Ridge,Tagaytay,Philippines,Tagaytay Ridge,Bahay Kubo,"₱2,800.00",4.8,113,2,2,Workspace|Pet Friendly|Washer,"A bahay kubo in Tagaytay Ridge, Tagaytay, Cavite. Great for travellers. A traditional nipa hut.","Loved the location, great value and comfortable beds.",14.114092292591712,120.96569689583922,2025-08-11
142,Modern Studio in Tagbilaran City,Bohol,Philippines,Tagbilaran City,Studio,"₱3,300.00",4.57,120,1,5,Pet Friendly|Pool|Air Conditioning|Kitchen|Wifi|Breakfast|Beach Access,"A studio in Tagbilaran City, Bohol, Bohol. Great for travellers.","Amazing stay, super clean and the host was very friendly!",9.644997520504212,123.85047506482411,2025-06-12
143,Rustic Entire Home in Session Road,Baguio,Philippines,Session Road,Entire Home,,4.34,68,3,5,Air Conditioning|Wifi|Parking|Washer,"A entire home in Session Road, Baguio, Benguet. Great for travellers.","Average stay, basic amenities and fair price.",16.408867192487996,120.59766172260892,2025-10-19
144,Quiet Shared Room in Dapa,Siargao,Philippines,Dapa,Shared Room,"₱1,200.00",4.13,6,1,6,Breakfast|Workspace|Pet Friendly|Kitchen|Beach Access,"A shared room in Dapa, Siargao, Surigao del Norte. Great for travellers.","It was okay, decent location but nothing special.",9.7588928693656,126.05334717405202,2025-05-10
145,Rustic Private Room in Mactan Island,Cebu,Philippines,Mactan Island,Private Room,"₱2,400.00",4.7,42,1,6,Parking|Pool|Pet Friendly|Wifi|Washer|Beach Access,"A private room in Mactan Island, Cebu, Cebu. Great for travellers.","Perfect place, beautiful view and spotless. Would book again!",10.314841733738124,123.9805092271724,2025-02-21
146,Minimalist Studio in Station 2,Boracay,Philippines,Station 2,Studio,"₱5,850.00",4.82,128,1,4,Washer|Kitchen|Pet Friendly|Beach Access,"A studio in Station 2, Boracay, Aklan. Great for travellers.","Loved the location, great value and comfortable beds.",11.961325158437411,121.92547958618567,2025-01-25
147,Modern Private Room in Session Road,Baguio,Philippines,Session Road,Private Room,,4.06,182,1,6,Parking|Washer|Air Conditioning,"A private room in Session Road, Baguio, Benguet. Great for travellers.","It was okay, decent location but nothing special.",16.409641807148965,120.59309074220367,2025-06-27
148,Modern Entire Home in Urbiztondo,La Union,Philippines,"Urbiztondo, San Juan",Entire Home,"₱2,650.00",3.98,153,1,3,Air Conditioning|Breakfast|Pet Friendly|Beach Access,"A entire home in Urbiztondo, San Juan, La Union, La Union. Great for travellers.","Average stay, basic amenities and fair price.",16.67350387199089,120.32230910462965,2025-08-21
149,Cozy Bahay Kubo in Rizal Boulevard,Dumaguete,Philippines,Rizal Boulevard,Bahay Kubo,"₱1,850.00",4.26,263,2,6,Wifi|Workspace|Kitchen|Beach Access,"A bahay kubo in Rizal Boulevard, Dumaguete, Negros Oriental. Great for travellers. A traditional nipa hut.","Average stay, basic amenities and fair price.",9.303301741793078,123.30147038335002,2025-03-24
150,Luxury Entire Home in Lahug,Cebu,Philippines,Lahug,Entire Home,"₱4,750.00",4.53,273,2,7,Air Conditioning|Breakfast|Wifi|Parking|Pool|Beach Access,"A entire home in Lahug, Cebu, Cebu. Great for travellers.","Perfect place, beautiful view and spotless. Would book again!",10.339394543457571,123.89895895398148,2025-01-24
151,Rustic Studio in Tagbilaran City,Bohol,Philippines,Tagbilaran City,Studio,"₱2,800.00",4.15,43,1,3,Washer|Wifi|Workspace|Kitchen|Pet Friendly,"A studio in Tagbilaran City, Bohol, Bohol. Great for travellers.","It was okay, decent location but nothing special.",9.648283857201283,123.8529760790202,2025-10-14
152,Sunny Studio in Session Road,Baguio,Philippines,Session Road,Studio,"₱2,050.00",4.88,113,1,5,Pool|Air Conditioning|Parking|Washer,"A studio in Session Road, Baguio, Benguet. Great for travellers.","Amazing stay, super clean and the host was very friendly!",16.412997393244204,120.59350032052582,2025-11-09
153,Bright Studio in Alona Beach,Bohol,Philippines,"Alona Beach, Panglao",Studio,"₱2,400.00",4.35,52,1,8,Kitchen|Breakfast|Pet Friendly|Parking|Washer|Wifi,"A studio in Alona Beach, Panglao, Bohol, Bohol. Great for travellers.","It was okay, decent location but nothing special.",9.551641685824748,123.77413570198681,2025-03-07
154,Sunny Entire Home in El Nido Town,Palawan,Philippines,El Nido Town,Entire Home,"₱6,350.00",4.42,69,4,2,Air Conditioning|Wifi|Pool|Breakfast|Washer|Kitchen|Beach Access,"A entire home in El Nido Town, Palawan, Palawan. Great for travellers.","Amazing stay, super clean and the host was very friendly!",11.179369362556256,119.39597700042734,
155,Charming Entire Home in Calle Crisologo,Vigan,Philippines,Calle Crisologo,Entire Home,"₱3,300.00",4.18,250,1,6,Kitchen|Air Conditioning|Pool|Parking|Washer,"A entire home in Calle Crisologo, Vigan, Ilocos Sur. Great for travellers.","It was okay, decent location but nothing special.",17.57149716231559,120.38729066406056,2025-10-04
156,Cozy Private Room in Bonifacio Global City,Metro Manila,Philippines,Bonifacio Global City,Private Room,"₱1,750.00",5.0,249,1,2,Breakfast|Kitchen|Workspace,"A private room in Bonifacio Global City, Metro Manila, NCR. Great for travellers.","Loved the location, great value and comfortable beds.",14.547490038585705,121.04836737489612,2025-03-18
157,Cozy Shared Room in Calle Crisologo,Vigan,Philippines,Calle Crisologo,Shared Room,₱800.00,4.5,18,1,2,Wifi|Pet Friendly|Pool|Kitchen|Air Conditioning|Parking,"A shared room in Calle Crisologo, Vigan, Ilocos Sur. Great for travellers.","Loved the location, great value and comfortable beds.",17.572158281494403,120.38944638413457,2025-11-20
158,Quiet Private Room in Camp John Hay,Baguio,Philippines,Camp John Hay,Private Room,"₱1,750.00",5.0,67,1,1,Air Conditioning|Kitchen|Pool|Workspace|Parking|Breakfast,"A private room in Camp John Hay, Baguio, Benguet. Great for travellers.","Loved the location, great value and comfortable beds.",16.39469104124127,120.61455343880421,2025-12-15
159,Modern Private Room in Cloud 9,Siargao,Philippines,Cloud 9,Private Room,"₱1,850.00",4.96,73,1,5,Wifi|Air Conditioning|Breakfast|Parking|Beach Access,"A private room in Cloud 9, Siargao, Surigao del Norte. Great for travellers.","Loved the location, great value and comfortable beds.",9.80817544924458,126.16340786349177,2025-05-12
160,Luxury Studio in Puerto Princesa City,Palawan,Philippines,Puerto Princesa City,Studio,"₱2,700.00",4.52,292,1,2,Pet Friendly|Kitchen|Workspace|Beach Access,"A studio in Puerto Princesa City, Palawan, Palawan. Great for travellers.","Perfect place, beautiful view and spotless. Would book again!",9.738103283524032,118.7335526684876,2025-04-28
161,Charming Villa in Urbiztondo,La Union,Philippines,"Urbiztondo, San Juan",Villa,"₱5,050.00",4.55,246,3,4,Washer|Workspace|Pool|Wifi,"A villa in Urbiztondo, San Juan, La Union, La Union. Great for travellers.","Perfect place, beautiful view and spotless. Would book again!",16.674473742141416,120.32897306521829,2025-03-05
162,Minimalist Studio in Mactan Island,Cebu,Philippines,Mactan Island,Studio,"₱2,550.00",3.93,282,1,6,Kitchen|Pool|Breakfast|Washer|Beach Access,"A studio in Mactan Island, Cebu, Cebu. Great for travellers.","Average stay, basic amenities and fair price.",10.307588004286362,123.97752189752957,2025-02-19
163,Quiet Private Room in Mactan Island,Cebu,Philippines,Mactan Island,Private Room,"₱1,800.00",5.0,279,1,1,Breakfast|Washer|Kitchen|Beach Access,"A private room in Mactan Island, Cebu, Cebu. Great for travellers.","Perfect place, beautiful view and spotless. Would book again!",10.313067933569226,123.98101159556317,2025-04-23
164,Cozy Private Room in Poblacion,Metro Manila,Philippines,"Poblacion, Makati",Private Room,"₱1,750.00",4.4,66,1,1,Air Conditioning|Pet Friendly|Washer,"A private room in Poblacion, Makati, Metro Manila, NCR. Great for travellers.","Average stay, basic amenities and fair price.",14.56223446718892,121.03247576140264,2025-10-11
165,Cozy Entire Home in Poblacion District,Davao,Philippines,Poblacion District,Entire Home,"₱3,250.00",4.85,248,4,6,Washer|Pet Friendly|Workspace|Breakfast,"A entire home in Poblacion District, Davao, Davao del Sur. Great for travellers.","Amazing stay, super clean and the host was very friendly!",7.0613960385356815,125.61090643926944,2025-01-03
166,Charming Shared Room in Coron Town,Palawan,Philippines,Coron Town,Shared Room,"₱1,900.00",,28,1,7,Breakfast|Wifi|Pet Friendly|Pool|Parking,"A shared room in Coron Town, Palawan, Palawan. Great for travellers.","Average stay, basic amenities and fair price.",12.005311740702997,120.20579307871073,2025-06-06
167,Seaside Private Room in Bonifacio Global City,Metro Manila,Philippines,Bonifacio Global City,Private Room,"₱2,250.00",4.68,316,1,5,Washer|Pool|Pet Friendly|Parking|Workspace|Breakfast,"A private room in Bonifacio Global City, Metro Manila, NCR. Great for travellers.","Loved the location, great value and comfortable beds.",14.553407632715192,121.05012048796196,2025-01-25
168,Sunny Shared Room in Puerto Princesa City,Palawan,Philippines,Puerto Princesa City,Shared Room,"₱1,900.00",4.22,185,1,3,Washer|Parking|Kitchen|Pool|Wifi|Beach Access,"A shared room in Puerto Princesa City, Palawan, Palawan. Great for travellers.","Average stay, basic amenities and fair price.",9.74311620127135,118.73312534118895,2025-02-01
169,Seaside Entire Home in El Nido Town,Palawan,Philippines,El Nido Town,Entire Home,"₱5,350.00",4.29,226,4,4,Pool|Pet Friendly|Parking|Wifi|Beach Access,"A entire home in El Nido Town, Palawan, Palawan. Great for travellers.","Average stay, basic amenities and fair price.",11.179489004749795,119.39175382315523,2025-07-15
170,Luxury Entire Home in Cebu IT Park,Cebu,Philippines,Cebu IT Park,Entire Home,"₱4,550.00",4.42,114,1,5,Washer|Wifi|Kitchen|Parking|Air Conditioning|Pet Friendly,"A entire home in Cebu IT Park, Cebu, Cebu. Great for travellers.","Amazing stay, super clean and the host was very friendly!",10.323266121677298,123.90767411383592,2025-04-08
171,Quiet Shared Room in Camp John Hay,Baguio,Philippines,Camp John Hay,Shared Room,₱950.00,4.16,144,1,2,Breakfast|Parking|Workspace|Kitchen,"A shared room in Camp John Hay, Baguio, Benguet. Great for travellers.","It was okay, decent location but nothing special.",16.39565222567343,120.61188441126775,2025-04-06
172,Rustic Studio in Dapa,Siargao,Philippines,Dapa,Studio,"₱2,850.00",5.0,93,1,7,Air Conditioning|Washer|Wifi,"A studio in Dapa, Siargao, Surigao del Norte. Great for travellers.","Perfect place, beautiful view and spotless. Would book again!",9.761911735364187,126.06095858507969,2025-05-22
173,Sunny Entire Home in Poblacion,Metro Manila,Philippines,"Poblacion, Makati",Entire Home,"₱6,000.00",4.7,212,3,7,Kitchen|Pool|Air Conditioning|Washer|Workspace,"A entire home in Poblacion, Makati, Metro Manila, NCR. Great for travellers.","Perfect place, beautiful view and spotless. Would book again!",14.568655610557537,121.03383720003933,2025-01-19
174,Charming Villa in Mactan Island,Cebu,Philippines,Mactan Island,Villa,"₱4,350.00",4.72,33,1,2,Workspace|Kitchen|Washer|Wifi|Beach Access,"A villa in Mactan Island, Cebu, Cebu. Great for travellers.","Perfect place, beautiful view and spotless. Would book again!",10.31465732708498,123.9837647035203,2025-09-14
175,Sunny Entire Home in Bonifacio Global City,Metro Manila,Philippines,Bonifacio Global City,Entire Home,"₱3,600.00",4.47,139,2,1,Breakfast|Kitchen|Pool|Pet Friendly|Washer,"A entire home in Bonifacio Global City, Metro Manila, NCR. Great for travellers.","Amazing stay, super clean and the host was very friendly!",14.549017186264336,121.04685136656559,2025-01-07
176,Quiet Shared Room in Station 2,Boracay,Philippines,Station 2,Shared Room,"₱2,550.00",4.09,280,1,6,Washer|Wifi|Pet Friendly|Beach Access,"A shared room in Station 2, Boracay, Aklan. Great for travellers.","Average stay, basic amenities and fair price.",11.96622230426135,121.9273588912483,2025-12-23
177,Luxury Private Room in Cloud 9,Siargao,Philippines,Cloud 9,Private Room,"₱1,950.00",4.84,123,1,4,Pool|Wifi|Kitchen|Parking|Washer|Pet Friendly,"A private room in Cloud 9, Siargao, Surigao del Norte. Great for travellers.","Loved the location, great value and comfortable beds.",9.810407415194284,126.16359450538415,2025-10-26
178,Rustic Studio in Poblacion,Metro Manila,Philippines,"Poblacion, Makati",Studio,"₱3,250.00",4.44,261,1,6,Pet Friendly|Washer|Air Conditioning|Parking|Wifi|Workspace,"A studio in Poblacion, Makati, Metro Manila, NCR. Great for travellers.","Perfect place, beautiful view and spotless. Would book again!",14.566338351139198,121.03395798971533,2025-04-27
179,Rustic Bahay Kubo in Puerto Princesa City,Palawan,Philippines,Puerto Princesa City,Bahay Kubo,"₱2,600.00",5.0,178,2,4,Kitchen|Air Conditioning|Parking|Pool|Washer,"A bahay kubo in Puerto Princesa City, Palawan, Palawan. Great for travellers. A traditional nipa hut.","Loved the location, great value and comfortable beds.",9.74319528993023,118.73182680068774,2025-09-12
180,Cozy Entire Home in Diniwid Beach,Boracay,Philippines,Diniwid Beach,Entire Home,"₱6,750.00",,164,4,6,Pool|Breakfast|Kitchen|Washer,"A entire home in Diniwid Beach, Boracay, Aklan. Great for travellers.","Perfect place, beautiful view and spotless. Would book again!",11.984656967154956,121.92154216542411,2025-02-14
181,Rustic Private Room in Lahug,Cebu,Philippines,Lahug,Private Room,"₱1,650.00",4.28,89,1,3,Kitchen|Parking|Air Conditioning|Pool|Workspace|Wifi|Beach Access,"A private room in Lahug, Cebu, Cebu. Great for travellers.","Average stay, basic amenities and fair price.",10.331747356228838,123.89504417964022,2025-08-17
182,Cozy Studio in Tagbilaran City,Bohol,Philippines,Tagbilaran City,Studio,"₱3,550.00",4.14,302,1,3,Pet Friendly|Air Conditioning|Wifi|Beach Access,"A studio in Tagbilaran City, Bohol, Bohol. Great for travellers.","Average stay, basic amenities and fair price.",9.645452318472755,123.8543572811052,2025-06-09
183,Quiet Entire Home in Cloud 9,Siargao,Philippines,Cloud 9,Entire Home,"₱4,800.00",4.65,208,4,5,Washer|Wifi|Pet Friendly|Air Conditioning|Workspace|Beach Access,"A entire home in Cloud 9, Siargao, Surigao del Norte. Great for travellers.","Loved the location, great value and comfortable beds.",9.807918820133128,126.16598285789786,2025-10-05
184,Sunny Bahay Kubo in Calle Crisologo,Vigan,Philippines,Calle Crisologo,Bahay Kubo,"₱1,850.00",4.32,40,2,7,Air Conditioning|Washer|Workspace,"A bahay kubo in Calle Crisologo, Vigan, Ilocos Sur. Great for travellers. A traditional nipa hut.","Average stay, basic amenities and fair price.",17.573846077843058,120.38621769743541,2025-11-25
185,Cozy Studio in Urbiztondo,La Union,Philippines,"Urbiztondo, San Juan",Studio,"₱2,350.00",3.85,118,1,4,Pool|Kitchen|Air Conditioning|Workspace|Washer|Breakfast|Beach Access,"A studio in Urbiztondo, San Juan, La Union, La Union. Great for travellers.","Bad experience, host was slow to reply and the bed was uncomfortable.",16.671213420661786,120.32132470374857,2025-11-10
186,Seaside Shared Room in Coron Town,Palawan,Philippines,Coron Town,Shared Room,"₱1,050.00",4.66,288,1,8,Wifi|Kitchen|Air Conditioning|Beach Access,"A shared room in Coron Town, Palawan, Palawan. Great for travellers.","Amazing stay, super clean and the host was very friendly!",12.000840037538051,120.20544785947799,2025-12-11
187,Cozy Studio in Station 1,Boracay,Philippines,Station 1,Studio,"₱5,750.00",4.61,95,1,5,Pool|Washer|Pet Friendly|Beach Access,"A studio in Station 1, Boracay, Aklan. Great for travellers.","Loved the location, great value and comfortable beds.",11.976160085872552,121.9156929159351,2025-07-09
188,Luxury Studio in Tagbilaran City,Bohol,Philippines,Tagbilaran City,Studio,"₱2,950.00",4.34,276,1,5,Parking|Pet Friendly|Kitchen,"A studio in Tagbilaran City, Bohol, Bohol. Great for travellers.","Average stay, basic amenities and fair price.",9.645439738941313,123.85105400151325,2025-04-18
189,Sunny Villa in Tagbilaran City,Bohol,Philippines,Tagbilaran City,Villa,,5.0,209,3,1,Breakfast|Wifi|Washer|Pool|Beach Access,"A villa in Tagbilaran City, Bohol, Bohol. Great for travellers.","Loved the location, great value and comfortable beds.",9.64518845660804,123.85636870768303,2025-05-07
190,Modern Studio in Tagbilaran City,Bohol,Philippines,Tagbilaran City,Studio,"₱3,400.00",5.0,36,1,8,Wifi|Pool|Air Conditioning|Washer|Beach Access,"A studio in Tagbilaran City, Bohol, Bohol. Great for travellers.","Amazing stay, super clean and the host was very friendly!",9.64444132495011,123.85737918768652,2025-09-24
191,Seaside Private Room in Urbiztondo,La Union,Philippines,"Urbiztondo, San Juan",Private Room,"₱1,950.00",4.49,46,1,1,Pool|Air Conditioning|Parking|Wifi|Beach Access,"A private room in Urbiztondo, San Juan, La Union, La Union. Great for travellers.","Perfect place, beautiful view and spotless. Would book again!",16.671317529155242,120.32627104227743,2025-05-23
192,Seaside Entire Home in Tagaytay Ridge,Tagaytay,Philippines,Tagaytay Ridge,Entire Home,"₱3,350.00",,298,3,3,Pool|Breakfast|Pet Friendly,"A entire home in Tagaytay Ridge, Tagaytay, Cavite. Great for travellers.","Dirty bathroom and very noisy at night, disappointing.",14.11377653299045,120.96016431760339,2025-09-27
193,Luxury Bahay Kubo in Mactan Island,Cebu,Philippines,Mactan Island,Bahay Kubo,"₱1,950.00",4.83,170,2,2,Air Conditioning|Kitchen|Breakfast|Pet Friendly|Workspace,"A bahay kubo in Mactan Island, Cebu, Cebu. Great for travellers. A traditional nipa hut.","Perfect place, beautiful view and spotless. Would book again!",10.307310499419481,123.97881453347935,2025-11-07
194,Minimalist Private Room in Rizal Boulevard,Dumaguete,Philippines,Rizal Boulevard,Private Room,,4.57,298,1,2,Air Conditioning|Breakfast|Pool,"A private room in Rizal Boulevard, Dumaguete, Negros Oriental. Great for travellers.","Loved the location, great value and comfortable beds.",9.304410599466546,123.30516364548632,2025-04-19
195,Rustic Studio in Calle Crisologo,Vigan,Philippines,Calle Crisologo,Studio,"₱1,400.00",4.73,126,1,6,Wifi|Pool|Breakfast|Workspace|Air Conditioning,"A studio in Calle Crisologo, Vigan, Ilocos Sur. Great for travellers.","Amazing stay, super clean and the host was very friendly!",17.576638817224744,120.3843308587378,2025-05-26
196,Cozy Studio in Tomas Morato,Metro Manila,Philippines,"Tomas Morato, Quezon City",Studio,"₱3,650.00",4.5,262,1,2,Workspace|Breakfast|Wifi|Pet Friendly,"A studio in Tomas Morato, Quezon City, Metro Manila, NCR. Great for travellers.","Amazing stay, super clean and the host was very friendly!",14.627304074325968,121.0355720491488,2025-07-19
197,Seaside Private Room in Urbiztondo,La Union,Philippines,"Urbiztondo, San Juan",Private Room,"₱1,850.00",4.61,59,1,3,Wifi|Breakfast|Pool|Kitchen|Workspace|Beach Access,"A private room in Urbiztondo, San Juan, La Union, La Union. Great for travellers.","Amazing stay, super clean and the host was very friendly!",16.671969030694395,120.32528789243347,2025-02-11
198,Seaside Studio in Station 1,Boracay,Philippines,Station 1,Studio,"₱3,450.00",4.68,273,1,4,Air Conditioning|Parking|Pet Friendly|Breakfast|Kitchen,"A studio in Station 1, Boracay, Aklan. Great for travellers.","Loved the location, great value and comfortable beds.",11.979124872213305,121.91512089110051,2025-01-16
199,Quiet Villa in Urbiztondo,La Union,Philippines,"Urbiztondo, San Juan",Villa,"₱4,750.00",4.5,291,1,2,Workspace|Pet Friendly|Parking|Beach Access,"A villa in Urbiztondo, San Juan, La Union, La Union. Great for travellers.","Loved the location, great value and comfortable beds.",16.673311112438352,120.32274099011623,2025-04-20
200,Seaside Villa in Matina,Davao,Philippines,Matina,Villa,"₱3,550.00",4.3,316,2,5,Washer|Kitchen|Wifi,"A villa in Matina, Davao, Davao del Sur. Great for travellers.","It was okay, decent location but nothing special.",7.048736575429678,125.59248440735097,2025-08-19
201,Modern Private Room in Calle Crisologo,Vigan,Philippines,Calle Crisologo,Private Room,"₱1,700.00",4.52,104,1,4,Pet Friendly|Pool|Kitchen|Breakfast,"A private room in Calle Crisologo, Vigan, Ilocos Sur. Great for travellers.","Amazing stay, super clean and the host was very friendly!",17.578099188293198,120.38838829009121,2025-12-03
202,Charming Entire Home in Rizal Boulevard,Dumaguete,Philippines,Rizal Boulevard,Entire Home,"₱2,900.00",,210,1,6,Kitchen|Air Conditioning|Workspace,"A entire home in Rizal Boulevard, Dumaguete, Negros Oriental. Great for travellers.","Loved the location, great value and comfortable beds.",9.307462218938008,123.30782675143277,2025-08-22
203,Minimalist Entire Home in Lanang,Davao,Philippines,Lanang,Entire Home,"₱3,850.00",5.0,272,1,2,Pool|Workspace|Air Conditioning|Washer|Parking|Pet Friendly,"A entire home in Lanang, Davao, Davao del Sur. Great for travellers.","Perfect place, beautiful view and spotless. Would book again!",7.1037476798166725,125.65229983477607,2025-05-25
204,Sunny Private Room in Urbiztondo,La Union,Philippines,"Urbiztondo, San Juan",Private Room,"₱1,800.00",4.21,116,1,6,Wifi|Workspace|Washer|Air Conditioning|Pool|Breakfast|Beach Access,"A private room in Urbiztondo, San Juan, La Union, La Union. Great for travellers.","It was okay, decent location but nothing special.",16.673306236660174,120.32823307209232,2025-07-26
205,Luxury Studio in Cloud 9,Siargao,Philippines,Cloud 9,Studio,"₱2,000.00",4.99,238,1,1,Parking|Breakfast|Kitchen|Pool|Pet Friendly|Workspace|Beach Access,"A studio in Cloud 9, Siargao, Surigao del Norte. Great for travellers.","Loved the location, great value and comfortable beds.",9.807437053795805,126.16360380997612,2025-05-06
206,Modern Studio in Tagbilaran City,Bohol,Philippines,Tagbilaran City,Studio,"₱3,000.00",4.91,199,1,5,Air Conditioning|Wifi|Pet Friendly,"A studio in Tagbilaran City, Bohol, Bohol. Great for travellers.","Amazing stay, super clean and the host was very friendly!",9.645661289331777,123.85120723333135,2025-03-08
207,Sunny Private Room in Burnham Park,Baguio,Philippines,Burnham Park,Private Room,"₱2,000.00",4.39,125,1,8,Workspace|Wifi|Breakfast|Kitchen,"A private room in Burnham Park, Baguio, Benguet. Great for travellers.","It was okay, decent location but nothing special.",16.412522078621947,120.59425720061367,2025-12-12
208,Luxury Entire Home in Tagbilaran City,Bohol,Philippines,Tagbilaran City,Entire Home,"₱5,150.00",4.79,267,1,8,Kitchen|Washer|Air Conditioning|Pool|Breakfast|Parking|Beach Access,"A entire home in Tagbilaran City, Bohol, Bohol. Great for travellers.","Loved the location, great value and comfortable beds.",9.64694672515176,123.85553265911199,2025-01-02
209,Modern Studio in Tagaytay Ridge,Tagaytay,Philippines,Tagaytay Ridge,Studio,"₱3,050.00",4.5,96,1,1,Wifi|Washer|Air Conditioning|Kitchen|Pet Friendly|Pool,"A studio in Tagaytay Ridge, Tagaytay, Cavite. Great for travellers.","Perfect place, beautiful view and spotless. Would book again!",14.119281644355787,120.95948866142913,2025-10-21
210,Minimalist Private Room in Rizal Boulevard,Dumaguete,Philippines,Rizal Boulevard,Private Room,"₱1,350.00",3.76,253,1,1,Kitchen|Workspace|Air Conditioning|Washer|Pool|Parking|Beach Access,"A private room in Rizal Boulevard, Dumaguete, Negros Oriental. Great for travellers.","Bad experience, host was slow to reply and the bed was uncomfortable.",9.309149286647582,123.30417796172463,2025-03-07
211,Rustic Entire Home in Station 1,Boracay,Philippines,Station 1,Entire Home,"₱8,600.00",4.64,101,3,8,Workspace|Washer|Breakfast|Kitchen|Pool|Beach Access,"A entire home in Station 1, Boracay, Aklan. Great for travellers.","Amazing stay, super clean and the host was very friendly!",11.975224615639952,121.92045244599939,2025-06-13
212,Bright Private Room in Cloud 9,Siargao,Philippines,Cloud 9,Private Room,"₱1,650.00",4.77,240,1,7,Pet Friendly|Workspace|Washer|Kitchen|Pool|Wifi|Beach Access,"A private room in Cloud 9, Siargao, Surigao del Norte. Great for travellers.","Perfect place, beautiful view and spotless. Would book again!",9.811121054153233,126.16510311506937,2025-06-23
213,Bright Shared Room in Calle Crisologo,Vigan,Philippines,Calle Crisologo,Shared Room,₱550.00,4.45,49,1,7,Washer|Pet Friendly|Pool|Kitchen|Wifi,"A shared room in Calle Crisologo, Vigan, Ilocos Sur. Great for travellers.","Perfect place, beautiful view and spotless. Would book again!",17.57737520027207,120.38859430918164,2025-05-06
214,Modern Villa in Puerto Princesa City,Palawan,Philippines,Puerto Princesa City,Villa,"₱9,650.00",,272,4,5,Washer|Workspace|Air Conditioning|Breakfast|Pool|Parking,"A villa in Puerto Princesa City, Palawan, Palawan. Great for travellers.","Loved the location, great value and comfortable beds.",9.736268518949334,118.73400983253013,2025-02-14
215,Bright Shared Room in Poblacion,Metro Manila,Philippines,"Poblacion, Makati",Shared Room,"₱1,400.00",4.19,63,1,5,Pool|Air Conditioning|Washer|Kitchen,"A shared room in Poblacion, Makati, Metro Manila, NCR. Great for travellers.","Average stay, basic amenities and fair price.",14.56879052458009,121.03194407123148,2025-11-13
216,Quiet Villa in Tagaytay Ridge,Tagaytay,Philippines,Tagaytay Ridge,Villa,"₱9,450.00",4.33,48,3,2,Kitchen|Parking|Breakfast|Pet Friendly|Washer,"A villa in Tagaytay Ridge, Tagaytay, Cavite. Great for travellers.","Average stay, basic amenities and fair price.",14.114177727152306,120.9636954884003,2025-02-04
217,Rustic Private Room in Urbiztondo,La Union,Philippines,"Urbiztondo, San Juan",Private Room,"₱1,650.00",4.53,56,1,8,Breakfast|Wifi|Pet Friendly|Beach Access,"A private room in Urbiztondo, San Juan, La Union, La Union. Great for travellers.","Perfect place, beautiful view and spotless. Would book again!",16.66979576774205,120.3260355937443,2025-06-11
218,Quiet Private Room in Station 1,Boracay,Philippines,Station 1,Private Room,"₱4,150.00",4.12,217,1,6,Pet Friendly|Wifi|Kitchen|Workspace|Breakfast,"A private room in Station 1, Boracay, Aklan. Great for travellers.","It was okay, decent location but nothing special.",11.972504450139674,121.92004008080207,2025-12-03
219,Minimalist Private Room in Coron Town,Palawan,Philippines,Coron Town,Private Room,"₱3,250.00",4.06,68,1,7,Pet Friendly|Washer|Breakfast|Pool|Wifi,"A private room in Coron Town, Palawan, Palawan. Great for travellers.","It was okay, decent location but nothing special.",12.004031752846789,120.20546134614231,2025-12-20
220,Seaside Villa in Station 2,Boracay,Philippines,Station 2,Villa,"₱8,800.00",4.78,100,3,4,Air Conditioning|Kitchen|Washer|Parking|Wifi|Beach Access,"A villa in Station 2, Boracay, Aklan. Great for travellers.","Amazing stay, super clean and the host was very friendly!",11.96518213903639,121.92510981862772,2025-05-24
221,Quiet Bahay Kubo in Urbiztondo,La Union,Philippines,"Urbiztondo, San Juan",Bahay Kubo,"₱2,200.00",4.48,53,1,3,Wifi|Parking|Breakfast|Pool|Kitchen|Washer,"A bahay kubo in Urbiztondo, San Juan, La Union, La Union. Great for travellers. A traditional nipa hut.","Amazing stay, super clean and the host was very friendly!",16.673530566236693,120.32436815070504,2025-01-26
222,Bright Private Room in Alona Beach,Bohol,Philippines,"Alona Beach, Panglao",Private Room,"₱2,550.00",4.38,288,1,5,Breakfast|Kitchen|Pool|Workspace|Air Conditioning|Pet Friendly,"A private room in Alona Beach, Panglao, Bohol, Bohol. Great for travellers.","Average stay, basic amenities and fair price.",9.549063492500121,123.77267431291067,2025-05-22
223,Seaside Entire Home in Bonifacio Global City,Metro Manila,Philippines,Bonifacio Global City,Entire Home,"₱6,150.00",4.87,299,4,1,Pool|Workspace|Kitchen|Breakfast|Wifi|Parking,"A entire home in Bonifacio Global City, Metro Manila, NCR. Great for travellers.","Perfect place, beautiful view and spotless. Would book again!",14.546972995651556,121.05294249545175,2025-02-15
224,Cozy Bahay Kubo in Poblacion District,Davao,Philippines,Poblacion District,Bahay Kubo,,4.45,124,1,6,Washer|Breakfast|Air Conditioning|Pet Friendly|Kitchen,"A bahay kubo in Poblacion District, Davao, Davao del Sur. Great for travellers. A traditional nipa hut.","Amazing stay, super clean and the host was very friendly!",7.063060886852777,125.60483214516033,2025-10-05
225,Luxury Studio in Calle Crisologo,Vigan,Philippines,Calle Crisologo,Studio,"₱2,000.00",4.14,122,1,8,Wifi|Breakfast|Kitchen,"A studio in Calle Crisologo, Vigan, Ilocos Sur. Great for travellers.","Average stay, basic amenities and fair price.",17.576236257259882,120.38667371130025,2025-03-04
226,Cozy Entire Home in Tagaytay Ridge,Tagaytay,Philippines,Tagaytay Ridge,Entire Home,"₱3,900.00",4.09,124,1,4,Workspace|Air Conditioning|Washer,"A entire home in Tagaytay Ridge, Tagaytay, Cavite. Great for travellers.","It was okay, decent location but nothing special.",14.117721761214789,120.95840452480714,2025-01-13
227,Sunny Shared Room in General Luna,Siargao,Philippines,General Luna,Shared Room,₱800.00,4.07,49,1,3,Wifi|Pool|Air Conditioning|Pet Friendly|Workspace,"A shared room in General Luna, Siargao, Surigao del Norte. Great for travellers.","Average stay, basic amenities and fair price.",9.784046024752083,126.15923280776518,2025-10-17
228,Minimalist Shared Room in Dapa,Siargao,Philippines,Dapa,Shared Room,"₱1,500.00",4.34,304,1,2,Wifi|Kitchen|Parking|Beach Access,"A shared room in Dapa, Siargao, Surigao del Norte. Great for travellers.","It was okay, decent location but nothing special.",9.760647445443526,126.05829156628522,2025-10-10
229,Minimalist Entire Home in Diniwid Beach,Boracay,Philippines,Diniwid Beach,Entire Home,"₱8,600.00",5.0,44,3,2,Kitchen|Air Conditioning|Washer|Breakfast,"A entire home in Diniwid Beach, Boracay, Aklan. Great for travellers.","Loved the location, great value and comfortable beds.",11.9787027333814,121.91691144715844,2025-02-03
230,Sunny Private Room in Camp John Hay,Baguio,Philippines,Camp John Hay,Private Room,"₱1,350.00",4.6,306,1,4,Air Conditioning|Wifi|Breakfast|Workspace|Washer,"A private room in Camp John Hay, Baguio, Benguet. Great for travellers.","Loved the location, great value and comfortable beds.",16.397160999976716,120.6116449866285,2025-07-20
231,Modern Bahay Kubo in El Nido Town,Palawan,Philippines,El Nido Town,Bahay Kubo,"₱3,300.00",4.72,316,2,8,Pool|Workspace|Breakfast,"A bahay kubo in El Nido Town, Palawan, Palawan. Great for travellers. A traditional nipa hut.","Amazing stay, super clean and the host was very friendly!",11.17644370037952,119.39007311786727,
232,Bright Private Room in Camp John Hay,Baguio,Philippines,Camp John Hay,Private Room,"₱1,200.00",3.76,10,1,6,Washer|Parking|Workspace|Kitchen|Wifi|Air Conditioning,"A private room in Camp John Hay, Baguio, Benguet. Great for travellers.","Dirty bathroom and very noisy at night, disappointing.",16.39484624120855,120.61509026446085,2025-06-01
233,Modern Bahay Kubo in Poblacion District,Davao,Philippines,Poblacion District,Bahay Kubo,"₱2,000.00",,108,1,4,Washer|Pet Friendly|Wifi|Parking|Workspace|Air Conditioning,"A bahay kubo in Poblacion District, Davao, Davao del Sur. Great for travellers. A traditional nipa hut.","Average stay, basic amenities and fair price.",7.067503556365805,125.60726002877543,2025-09-23
234,Sunny Entire Home in Matina,Davao,Philippines,Matina,Entire Home,"₱2,550.00",4.47,90,4,3,Parking|Workspace|Washer,"A entire home in Matina, Davao, Davao del Sur. Great for travellers.","Loved the location, great value and comfortable beds.",7.051525102016215,125.59196820493247,2025-07-08
235,Sunny Entire Home in General Luna,Siargao,Philippines,General Luna,Entire Home,"₱5,500.00",4.19,274,1,2,Kitchen|Workspace|Pool|Beach Access,"A entire home in General Luna, Siargao, Surigao del Norte. Great for travellers.","It was okay, decent location but nothing special.",9.785792007534175,126.15613785693391,2025-02-24
236,Modern Villa in Diniwid Beach,Boracay,Philippines,Diniwid Beach,Villa,"₱10,050.00",4.12,227,1,8,Kitchen|Parking|Pool|Air Conditioning|Beach Access,"A villa in Diniwid Beach, Boracay, Aklan. Great for travellers.","Average stay, basic amenities and fair price.",11.980738768835227,121.92165828998125,2025-01-13
237,Quiet Entire Home in Urbiztondo,La Union,Philippines,"Urbiztondo, San Juan",Entire Home,"₱2,900.00",4.31,134,2,1,Kitchen|Pet Friendly|Breakfast|Washer,"A entire home in Urbiztondo, San Juan, La Union, La Union. Great for travellers.","It was okay, decent location but nothing special.",16.669149275152765,120.32177681844455,2025-01-13
238,Modern Studio in General Luna,Siargao,Philippines,General Luna,Studio,"₱2,400.00",4.76,70,1,6,Wifi|Parking|Workspace|Kitchen|Pool|Beach Access,"A studio in General Luna, Siargao, Surigao del Norte. Great for travellers.","Amazing stay, super clean and the host was very friendly!",9.789203833349774,126.15701316793982,2025-06-06
239,Seaside Bahay Kubo in Station 1,Boracay,Philippines,Station 1,Bahay Kubo,"₱5,050.00",4.8,241,2,1,Air Conditioning|Pet Friendly|Workspace|Breakfast,"A bahay kubo in Station 1, Boracay, Aklan. Great for travellers. A traditional nipa hut.","Amazing stay, super clean and the host was very friendly!",11.972404563671327,121.92030908616647,2025-06-08
240,Luxury Studio in Cloud 9,Siargao,Philippines,Cloud 9,Studio,"₱2,200.00",5.0,225,1,1,Kitchen|Workspace|Wifi|Air Conditioning|Washer|Pet Friendly,"A studio in Cloud 9, Siargao, Surigao del Norte. Great for travellers.","Loved the location, great value and comfortable beds.",9.806046483802247,126.16344324276841,2025-06-15
241,Bright Studio in Station 2,Boracay,Philippines,Station 2,Studio,"₱3,550.00",4.6,161,1,4,Kitchen|Wifi|Air Conditioning|Parking|Breakfast|Pet Friendly|Beach Access,"A studio in Station 2, Boracay, Aklan. Great for travellers.","Perfect place, beautiful view and spotless. Would book again!",11.96151199783582,121.9233187979618,2025-08-15
242,Sunny Entire Home in Urbiztondo,La Union,Philippines,"Urbiztondo, San Juan",Entire Home,"₱3,500.00",5.0,61,4,8,Air Conditioning|Parking|Washer,"A entire home in Urbiztondo, San Juan, La Union, La Union. Great for travellers.","Loved the location, great value and comfortable beds.",16.670058564971683,120.32507629293268,2025-11-21
243,Charming Villa in Urbiztondo,La Union,Philippines,"Urbiztondo, San Juan",Villa,"₱6,500.00",5.0,93,2,1,Washer|Pool|Air Conditioning|Breakfast,"A villa in Urbiztondo, San Juan, La Union, La Union. Great for travellers.","Loved the location, great value and comfortable beds.",16.672783657697348,120.32821270565533,2025-02-15
244,Cozy Private Room in Cebu IT Park,Cebu,Philippines,Cebu IT Park,Private Room,"₱2,400.00",4.6,184,1,8,Washer|Air Conditioning|Wifi|Breakfast|Workspace,"A private room in Cebu IT Park, Cebu, Cebu. Great for travellers.","Amazing stay, super clean and the host was very friendly!",10.324964806596387,123.90581640853726,2025-09-28
245,Charming Entire Home in Calle Crisologo,Vigan,Philippines,Calle Crisologo,Entire Home,"₱2,300.00",4.69,16,4,3,Parking|Breakfast|Pool|Kitchen,"A entire home in Calle Crisologo, Vigan, Ilocos Sur. Great for travellers.","Loved the location, great value and comfortable beds.",17.573445315278356,120.38824934673958,2025-01-19
246,Modern Private Room in Session Road,Baguio,Philippines,Session Road,Private Room,"₱1,900.00",4.37,133,1,4,Breakfast|Pet Friendly|Parking|Workspace|Air Conditioning,"A private room in Session Road, Baguio, Benguet. Great for travellers.","It was okay, decent location but nothing special.",16.412296825642617,120.59419112849,2025-07-05
247,Minimalist Studio in Tagaytay Ridge,Tagaytay,Philippines,Tagaytay Ridge,Studio,"₱3,950.00",,114,1,3,Breakfast|Workspace|Pool,"A studio in Tagaytay Ridge, Tagaytay, Cavite. Great for travellers.","Amazing stay, super clean and the host was very friendly!",14.118955459388761,120.96025147590446,2025-12-14
248,Luxury Private Room in Malate,Metro Manila,Philippines,Malate,Private Room,"₱1,600.00",4.59,37,1,7,Kitchen|Parking|Workspace|Pet Friendly|Washer,"A private room in Malate, Metro Manila, NCR. Great for travellers.","Amazing stay, super clean and the host was very friendly!",14.572790520924347,120.98805637796302,2025-11-23
249,Modern Studio in Station 1,Boracay,Philippines,Station 1,Studio,"₱4,950.00",3.98,130,1,4,Workspace|Kitchen|Parking|Pool|Beach Access,"A studio in Station 1, Boracay, Aklan. Great for travellers.","Average stay, basic amenities and fair price.",11.97529632987775,121.92265041545176,2025-05-22
250,Modern Villa in Urbiztondo,La Union,Philippines,"Urbiztondo, San Juan",Villa,"₱5,700.00",,238,3,4,Breakfast|Pet Friendly|Pool,"A villa in Urbiztondo, San Juan, La Union, La Union. Great for travellers.","Average stay, basic amenities and fair price.",16.675825674499908,120.32171160340059,2025-04-18
251,Sunny Private Room in Session Road,Baguio,Philippines,Session Road,Private Room,"₱1,250.00",4.47,18,1,3,Washer|Pool|Kitchen|Pet Friendly|Workspace|Breakfast,"A private room in Session Road, Baguio, Benguet. Great for travellers.","Perfect place, beautiful view and spotless. Would book again!",16.414876495135196,120.59692785992746,2025-11-03
252,Modern Bahay Kubo in Station 2,Boracay,Philippines,Station 2,Bahay Kubo,"₱4,150.00",4.17,201,2,2,Workspace|Washer|Kitchen|Air Conditioning|Wifi,"A bahay kubo in Station 2, Boracay, Aklan. Great for travellers. A traditional nipa hut.","Average stay, basic amenities and fair price.",11.968399852861724,121.92563422455146,2025-09-21
253,Cozy Villa in Cebu IT Park,Cebu,Philippines,Cebu IT Park,Villa,"₱8,250.00",4.7,304,4,5,Pool|Kitchen|Parking|Air Conditioning|Workspace|Beach Access,"A villa in Cebu IT Park, Cebu, Cebu. Great for travellers.","Loved the location, great value and comfortable beds.",10.323332468668822,123.9083871744278,2025-03-03
254,Seaside Entire Home in Alona Beach,Bohol,Philippines,"Alona Beach, Panglao",Entire Home,"₱3,450.00",5.0,76,4,6,Wifi|Pet Friendly|Breakfast|Workspace,"A entire home in Alona Beach, Panglao, Bohol, Bohol. Great for travellers.","Perfect place, beautiful view and spotless. Would book again!",9.54558679035439,123.77379148282529,2025-05-14
255,Charming Private Room in Lanang,Davao,Philippines,Lanang,Private Room,"₱1,900.00",4.48,174,1,8,Parking|Pool|Workspace,"A private room in Lanang, Davao, Davao del Sur. Great for travellers.","Amazing stay, super clean and the host was very friendly!",7.097128519367479,125.65084140675837,2025-09-26
256,Sunny Shared Room in Bonifacio Global City,Metro Manila,Philippines,Bonifacio Global City,Shared Room,"₱1,200.00",4.77,241,1,2,Air Conditioning|Parking|Workspace,"A shared room in Bonifacio Global City, Metro Manila, NCR. Great for travellers.","Loved the location, great value and comfortable beds.",14.547425100564135,121.04751799881406,2025-12-15
257,Quiet Villa in Urbiztondo,La Union,Philippines,"Urbiztondo, San Juan",Villa,"₱7,050.00",4.13,256,4,6,Air Conditioning|Kitchen|Workspace|Washer|Beach Access,"A villa in Urbiztondo, San Juan, La Union, La Union. Great for travellers.","It was okay, decent location but nothing special.",16.673795427743023,120.32124723781519,2025-12-01
258,Modern Private Room in Lahug,Cebu,Philippines,Lahug,Private Room,"₱2,100.00",4.57,80,1,1,Pool|Air Conditioning|Pet Friendly|Washer,"A private room in Lahug, Cebu, Cebu. Great for travellers.","Loved the location, great value and comfortable beds.",10.333510490993435,123.90017059036128,2025-12-23
259,Modern Private Room in Tagbilaran City,Bohol,Philippines,Tagbilaran City,Private Room,"₱2,100.00",4.29,89,1,4,Parking|Wifi|Pool|Beach Access,"A private room in Tagbilaran City, Bohol, Bohol. Great for travellers.","Average stay, basic amenities and fair price.",9.646694044711008,123.85158166267398,2025-02-26
260,Rustic Bahay Kubo in Diniwid Beach,Boracay,Philippines,Diniwid Beach,Bahay Kubo,"₱4,450.00",5.0,34,2,4,Kitchen|Pet Friendly|Washer|Wifi|Parking|Beach Access,"A bahay kubo in Diniwid Beach, Boracay, Aklan. Great for travellers. A traditional nipa hut.","Loved the location, great value and comfortable beds.",11.981597011883153,121.92181833419066,2025-12-14
261,Quiet Studio in Lanang,Davao,Philippines,Lanang,Studio,"₱2,500.00",4.45,68,1,1,Breakfast|Kitchen|Washer,"A studio in Lanang, Davao, Davao del Sur. Great for travellers.","Amazing stay, super clean and the host was very friendly!",7.102865639208623,125.6535472559875,2025-09-05
262,Cozy Entire Home in Tomas Morato,Metro Manila,Philippines,"Tomas Morato, Quezon City",Entire Home,"₱5,200.00",4.2,147,2,2,Pet Friendly|Kitchen|Breakfast|Air Conditioning|Wifi|Parking,"A entire home in Tomas Morato, Quezon City, Metro Manila, NCR. Great for travellers.","Average stay, basic amenities and fair price.",14.629601258460918,121.03252805782343,2025-09-20
263,Quiet Private Room in Urbiztondo,La Union,Philippines,"Urbiztondo, San Juan",Private Room,"₱1,550.00",4.69,197,1,8,Air Conditioning|Breakfast|Parking|Beach Access,"A private room in Urbiztondo, San Juan, La Union, La Union. Great for travellers.","Loved the location, great value and comfortable beds.",16.66981178074815,120.32247965059305,2025-05-25
264,Modern Private Room in Diniwid Beach,Boracay,Philippines,Diniwid Beach,Private Room,"₱4,100.00",3.99,315,1,6,Kitchen|Washer|Workspace|Pet Friendly|Wifi|Pool|Beach Access,"A private room in Diniwid Beach, Boracay, Aklan. Great for travellers.","It was okay, decent location but nothing special.",11.980507541905212,121.92083506457476,2025-06-22
265,Quiet Entire Home in Lahug,Cebu,Philippines,Lahug,Entire Home,"₱2,650.00",4.54,187,3,6,Wifi|Washer|Kitchen,"A entire home in Lahug, Cebu, Cebu. Great for travellers.","Loved the location, great value and comfortable beds.",10.33664263663011,123.89715529396403,2025-05-04
266,Quiet Bahay Kubo in Calle Crisologo,Vigan,Philippines,Calle Crisologo,Bahay Kubo,"₱1,400.00",4.82,129,2,7,Wifi|Pool|Workspace|Kitchen,"A bahay kubo in Calle Crisologo, Vigan, Ilocos Sur. Great for travellers. A traditional nipa hut.","Perfect place, beautiful view and spotless. Would book again!",17.574195945801716,120.38535688528619,2025-04-18
267,Rustic Private Room in Alona Beach,Bohol,Philippines,"Alona Beach, Panglao",Private Room,"₱2,550.00",4.91,109,1,6,Pet Friendly|Breakfast|Pool|Beach Access,"A private room in Alona Beach, Panglao, Bohol, Bohol. Great for travellers.","Amazing stay, super clean and the host was very friendly!",9.54788721676167,123.7715121423662,2025-02-11
268,Rustic Private Room in Tagaytay Ridge,Tagaytay,Philippines,Tagaytay Ridge,Private Room,"₱1,550.00",,193,1,5,Wifi|Air Conditioning|Workspace|Breakfast|Washer|Pool,"A private room in Tagaytay Ridge, Tagaytay, Cavite. Great for travellers.","It was okay, decent location but nothing special.",14.116409060563582,120.96519629755585,2025-10-16
269,Seaside Shared Room in Cloud 9,Siargao,Philippines,Cloud 9,Shared Room,"₱1,050.00",4.82,106,1,4,Breakfast|Pet Friendly|Air Conditioning|Beach Access,"A shared room in Cloud 9, Siargao, Surigao del Norte. Great for travellers.","Amazing stay, super clean and the host was very friendly!",9.80799889768021,126.16580623896883,2025-11-23
270,Quiet Studio in Tagaytay Ridge,Tagaytay,Philippines,Tagaytay Ridge,Studio,"₱3,300.00",4.17,263,1,6,Workspace|Kitchen|Breakfast|Parking,"A studio in Tagaytay Ridge, Tagaytay, Cavite. Great for travellers.","It was okay, decent location but nothing special.",14.112112420619864,120.96445125343472,2025-10-26
271,Rustic Private Room in Ortigas Center,Metro Manila,Philippines,Ortigas Center,Private Room,"₱2,950.00",4.19,279,1,1,Air Conditioning|Washer|Pool|Workspace|Parking|Kitchen,"A private room in Ortigas Center, Metro Manila, NCR. Great for travellers.","It was okay, decent location but nothing special.",14.587947545854526,121.05384603737622,2025-07-27
272,Cozy Entire Home in El Nido Town,Palawan,Philippines,El Nido Town,Entire Home,"₱6,800.00",4.64,257,2,8,Washer|Wifi|Breakfast|Beach Access,"A entire home in El Nido Town, Palawan, Palawan. Great for travellers.","Perfect place, beautiful view and spotless. Would book again!",11.181861011836197,119.39347971822103,2025-03-05
273,Charming Studio in El Nido Town,Palawan,Philippines,El Nido Town,Studio,"₱3,800.00",4.48,84,1,4,Pet Friendly|Breakfast|Wifi|Workspace,"A studio in El Nido Town, Palawan, Palawan. Great for travellers.","Loved the location, great value and comfortable beds.",11.17870852927301,119.39085667434435,2025-03-08
274,Cozy Bahay Kubo in El Nido Town,Palawan,Philippines,El Nido Town,Bahay Kubo,"₱3,300.00",4.78,226,1,2,Air Conditioning|Parking|Workspace|Pet Friendly|Breakfast|Wifi|Beach Access,"A bahay kubo in El Nido Town, Palawan, Palawan. Great for travellers. A traditional nipa hut.","Amazing stay, super clean and the host was very friendly!",11.181581466686538,119.39347458730207,2025-07-05
275,Luxury Villa in General Luna,Siargao,Philippines,General Luna,Villa,"₱9,400.00",4.19,155,3,3,Air Conditioning|Pool|Workspace|Pet Friendly|Beach Access,"A villa in General Luna, Siargao, Surigao del Norte. Great for travellers.","It was okay, decent location but nothing special.",9.787979956842571,126.15856430697949,2025-03-07
276,Bright Studio in El Nido Town,Palawan,Philippines,El Nido Town,Studio,"₱2,800.00",5.0,74,1,3,Breakfast|Pet Friendly|Pool|Air Conditioning|Parking|Kitchen|Beach Access,"A studio in El Nido Town, Palawan, Palawan. Great for travellers.","Loved the location, great value and comfortable beds.",11.17626331540783,119.39181423453697,2025-07-03
277,Bright Shared Room in Camp John Hay,Baguio,Philippines,Camp John Hay,Shared Room,₱800.00,4.31,205,1,7,Pet Friendly|Wifi|Breakfast|Washer|Air Conditioning|Pool,"A shared room in Camp John Hay, Baguio, Benguet. Great for travellers.","It was okay, decent location but nothing special.",16.3979580274402,120.60925175497259,2025-11-22
278,Modern Bahay Kubo in Poblacion District,Davao,Philippines,Poblacion District,Bahay Kubo,"₱1,300.00",3.86,146,1,3,Washer|Air Conditioning|Pool|Kitchen|Parking|Breakfast,"A bahay kubo in Poblacion District, Davao, Davao del Sur. Great for travellers. A traditional nipa hut.","Bad experience, host was slow to reply and the bed was uncomfortable.",7.0671802024784345,125.61040395551774,2025-01-20
279,Minimalist Studio in Cloud 9,Siargao,Philippines,Cloud 9,Studio,"₱2,500.00",4.43,133,1,1,Breakfast|Kitchen|Pool|Workspace|Air Conditioning,"A studio in Cloud 9, Siargao, Surigao del Norte. Great for travellers.","Perfect place, beautiful view and spotless. Would book again!",9.808063878858091,126.16600165906353,2025-06-26
280,Seaside Private Room in Tagaytay Ridge,Tagaytay,Philippines,Tagaytay Ridge,Private Room,"₱1,950.00",4.49,30,1,3,Workspace|Wifi|Breakfast|Kitchen,"A private room in Tagaytay Ridge, Tagaytay, Cavite. Great for travellers.","Loved the location, great value and comfortable beds.",14.112475121981568,120.95992389725562,2025-01-14
281,Rustic Bahay Kubo in Dapa,Siargao,Philippines,Dapa,Bahay Kubo,"₱3,000.00",4.65,197,2,2,Pool|Workspace|Breakfast|Beach Access,"A bahay kubo in Dapa, Siargao, Surigao del Norte. Great for travellers. A traditional nipa hut.","Perfect place, beautiful view and spotless. Would book again!",9.760036533765371,126.05867105744801,2025-03-20
282,Modern Entire Home in Ortigas Center,Metro Manila,Philippines,Ortigas Center,Entire Home,"₱3,350.00",4.62,57,4,3,Wifi|Washer|Breakfast,"A entire home in Ortigas Center, Metro Manila, NCR. Great for travellers.","Amazing stay, super clean and the host was very friendly!",14.583456903206166,121.05427960984763,2025-06-22
283,Modern Private Room in Calle Crisologo,Vigan,Philippines,Calle Crisologo,Private Room,"₱1,750.00",4.18,77,1,6,Air Conditioning|Breakfast|Wifi|Washer|Kitchen|Parking,"A private room in Calle Crisologo, Vigan, Ilocos Sur. Great for travellers.","Average stay, basic amenities and fair price.",17.575708259101937,120.38814185568445,2025-08-17
284,Charming Shared Room in El Nido Town,Palawan,Philippines,El Nido Town,Shared Room,"₱1,450.00",4.64,202,1,3,Breakfast|Pet Friendly|Wifi,"A shared room in El Nido Town, Palawan, Palawan. Great for travellers.","Perfect place, beautiful view and spotless. Would book again!",11.181275313165672,119.39631868337312,2025-09-17
285,Rustic Villa in Cebu IT Park,Cebu,Philippines,Cebu IT Park,Villa,"₱4,850.00",4.25,296,2,6,Workspace|Air Conditioning|Parking|Breakfast|Washer|Beach Access,"A villa in Cebu IT Park, Cebu, Cebu. Great for travellers.","It was okay, decent location but nothing special.",10.330260296879803,123.9035269031089,2025-04-26
286,Sunny Bahay Kubo in Alona Beach,Bohol,Philippines,"Alona Beach, Panglao",Bahay Kubo,"₱2,650.00",4.17,251,1,3,Washer|Pool|Parking|Workspace|Air Conditioning,"A bahay kubo in Alona Beach, Panglao, Bohol, Bohol. Great for travellers. A traditional nipa hut.","Average stay, basic amenities and fair price.",9.548424718961778,123.77166092464765,2025-07-10
287,Rustic Villa in Coron Town,Palawan,Philippines,Coron Town,Villa,"₱5,750.00",4.34,188,1,1,Kitchen|Workspace|Air Conditioning|Washer|Pool|Beach Access,"A villa in Coron Town, Palawan, Palawan. Great for travellers.","Average stay, basic amenities and fair price.",12.004350850298067,120.20577443345185,2025-04-03
288,Cozy Shared Room in Tagbilaran City,Bohol,Philippines,Tagbilaran City,Shared Room,₱950.00,4.4,74,1,5,Breakfast|Washer|Air Conditioning|Pet Friendly|Workspace,"A shared room in Tagbilaran City, Bohol, Bohol. Great for travellers.","Average stay, basic amenities and fair price.",9.643428216910477,123.85790628211885,
289,Sunny Private Room in Poblacion District,Davao,Philippines,Poblacion District,Private Room,"₱1,800.00",4.67,41,1,1,Breakfast|Pet Friendly|Wifi,"A private room in Poblacion District, Davao, Davao del Sur. Great for travellers.","Perfect place, beautiful view and spotless. Would book again!",7.061723288444552,125.60880586883242,2025-12-03
290,Modern Shared Room in Lanang,Davao,Philippines,Lanang,Shared Room,₱900.00,4.29,83,1,4,Pool|Parking|Pet Friendly,"A shared room in Lanang, Davao, Davao del Sur. Great for travellers.","It was okay, decent location but nothing special.",7.099791138700101,125.65228688533449,2025-05-09
291,Charming Entire Home in Tagaytay Ridge,Tagaytay,Philippines,Tagaytay Ridge,Entire Home,"₱6,300.00",4.14,30,4,4,Pet Friendly|Breakfast|Kitchen|Wifi|Air Conditioning|Parking,"A entire home in Tagaytay Ridge, Tagaytay, Cavite. Great for travellers.","It was okay, decent location but nothing special.",14.116520660118063,120.96194696971315,2025-09-07
292,Minimalist Studio in Calle Crisologo,Vigan,Philippines,Calle Crisologo,Studio,"₱1,400.00",5.0,188,1,2,Pool|Pet Friendly|Air Conditioning|Workspace|Washer|Breakfast,"A studio in Calle Crisologo, Vigan, Ilocos Sur. Great for travellers.","Loved the location, great value and comfortable beds.",17.5751322777687,120.38899503364408,2025-10-11
293,Cozy Private Room in Cebu IT Park,Cebu,Philippines,Cebu IT Park,Private Room,"₱2,400.00",4.69,162,1,4,Washer|Workspace|Parking|Breakfast|Kitchen|Beach Access,"A private room in Cebu IT Park, Cebu, Cebu. Great for travellers.","Perfect place, beautiful view and spotless. Would book again!",10.326766410811185,123.90965414919164,2025-08-21
294,Minimalist Entire Home in Burnham Park,Baguio,Philippines,Burnham Park,Entire Home,"₱3,250.00",4.48,97,3,5,Pet Friendly|Pool|Breakfast|Kitchen,"A entire home in Burnham Park, Baguio, Benguet. Great for travellers.","Perfect place, beautiful view and spotless. Would book again!",16.415753929299697,120.59095372657235,2025-10-03
295,Minimalist Studio in Session Road,Baguio,Philippines,Session Road,Studio,"₱1,750.00",4.32,0,1,5,Parking|Kitchen|Breakfast,"A studio in Session Road, Baguio, Benguet. Great for travellers.","It was okay, decent location but nothing special.",16.40819392590373,120.59541237319038,2025-05-11
296,Sunny Studio in Tagaytay Ridge,Tagaytay,Philippines,Tagaytay Ridge,Studio,"₱2,850.00",4.49,107,1,2,Wifi|Air Conditioning|Kitchen|Workspace,"A studio in Tagaytay Ridge, Tagaytay, Cavite. Great for travellers.","Perfect place, beautiful view and spotless. Would book again!",14.11343961670312,120.9651438723409,2025-09-11
297,Cozy Studio in Tagbilaran City,Bohol,Philippines,Tagbilaran City,Studio,"₱3,350.00",5.0,13,1,1,Parking|Pool|Air Conditioning|Beach Access,"A studio in Tagbilaran City, Bohol, Bohol. Great for travellers.","Loved the location, great value and comfortable beds.",9.650948650087567,123.85498631498405,2025-11-13
298,Minimalist Private Room in Mactan Island,Cebu,Philippines,Mactan Island,Private Room,"₱1,400.00",4.77,63,1,3,Pet Friendly|Pool|Kitchen|Workspace|Washer|Beach Access,"A private room in Mactan Island, Cebu, Cebu. Great for travellers.","Loved the location, great value and comfortable beds.",10.30947427794354,123.98053687027542,2025-02-18
299,Rustic Studio in Station 2,Boracay,Philippines,Station 2,Studio,"₱3,350.00",4.84,301,1,7,Air Conditioning|Washer|Kitchen,"A studio in Station 2, Boracay, Aklan. Great for travellers.","Amazing stay, super clean and the host was very friendly!",11.964134842427702,121.92331095151694,2025-01-08
300,Sunny Studio in Rizal Boulevard,Dumaguete,Philippines,Rizal Boulevard,Studio,"₱1,900.00",4.63,173,1,2,Air Conditioning|Kitchen|Pool|Wifi,"A studio in Rizal Boulevard, Dumaguete, Negros Oriental. Great for travellers.","Amazing stay, super clean and the host was very friendly!",9.306188727352293,123.30386816641536,2025-09-25
301,Quiet Entire Home in Calle Crisologo,Vigan,Philippines,Calle Crisologo,Entire Home,"₱2,200.00",3.76,259,1,6,Pool|Wifi|Air Conditioning|Breakfast|Kitchen|Washer,"A entire home in Calle Crisologo, Vigan, Ilocos Sur. Great for travellers.","Dirty bathroom and very noisy at night, disappointing.",17.57108217706099,120.38706731606379,2025-12-23
302,Luxury Entire Home in Lahug,Cebu,Philippines,Lahug,Entire Home,"₱4,400.00",4.84,51,2,7,Breakfast|Kitchen|Pet Friendly|Air Conditioning|Wifi,"A entire home in Lahug, Cebu, Cebu. Great for travellers.","Loved the location, great value and comfortable beds.",10.33240248291112,123.89949949480817,2025-06-11
303,Seaside Villa in Dapa,Siargao,Philippines,Dapa,Villa,"₱5,750.00",4.07,134,1,7,Pool|Kitchen|Wifi|Beach Access,"A villa in Dapa, Siargao, Surigao del Norte. Great for travellers.","Average stay, basic amenities and fair price.",9.759018405239608,126.05690754301864,2025-04-04
304,Cozy Studio in Tagbilaran City,Bohol,Philippines,Tagbilaran City,Studio,"₱2,850.00",4.81,94,1,1,Pool|Pet Friendly|Wifi|Air Conditioning|Washer|Kitchen,"A studio in Tagbilaran City, Bohol, Bohol. Great for travellers.","Amazing stay, super clean and the host was very friendly!",9.649315505308824,123.85632330631023,2025-02-04
305,Modern Entire Home in Urbiztondo,La Union,Philippines,"Urbiztondo, San Juan",Entire Home,"₱3,800.00",4.45,46,4,4,Workspace|Parking|Kitchen|Air Conditioning|Washer|Beach Access,"A entire home in Urbiztondo, San Juan, La Union, La Union. Great for travellers.","Perfect place, beautiful view and spotless. Would book again!",16.673093854958253,120.32224301365966,2025-05-23
306,Quiet Entire Home in Malate,Metro Manila,Philippines,Malate,Entire Home,,4.18,302,3,8,Washer|Kitchen|Workspace,"A entire home in Malate, Metro Manila, NCR. Great for travellers.","It was okay, decent location but nothing special.",14.573754795012121,120.98675282105118,2025-10-18
307,Minimalist Private Room in Mactan Island,Cebu,Philippines,Mactan Island,Private Room,"₱2,100.00",4.73,94,1,1,Parking|Pool|Pet Friendly|Wifi|Beach Access,"A private room in Mactan Island, Cebu, Cebu. Great for travellers.","Perfect place, beautiful view and spotless. Would book again!",10.311254623251745,123.97820631832593,2025-11-23
308,Seaside Studio in Station 2,Boracay,Philippines,Station 2,Studio,"₱4,100.00",4.73,231,1,6,Pet Friendly|Parking|Pool|Air Conditioning|Wifi|Workspace|Beach Access,"A studio in Station 2, Boracay, Aklan. Great for travellers.","Perfect place, beautiful view and spotless. Would book again!",11.966374008030082,121.92314010646102,2025-02-25
309,Charming Private Room in Burnham Park,Baguio,Philippines,Burnham Park,Private Room,"₱1,250.00",4.61,184,1,7,Washer|Wifi|Pool|Parking|Breakfast,"A private room in Burnham Park, Baguio, Benguet. Great for travellers.","Perfect place, beautiful view and spotless. Would book again!",16.408258901741352,120.59669584081223,2025-09-22
310,Quiet Shared Room in Tagaytay Ridge,Tagaytay,Philippines,Tagaytay Ridge,Shared Room,"₱1,050.00",4.0,249,1,1,Kitchen|Pool|Air Conditioning|Wifi|Breakfast|Pet Friendly,"A shared room in Tagaytay Ridge, Tagaytay, Cavite. Great for travellers.","Average stay, basic amenities and fair price.",14.116996475930877,120.96526302820081,2025-07-28
311,Modern Studio in Rizal Boulevard,Dumaguete,Philippines,Rizal Boulevard,Studio,"₱1,650.00",4.72,27,1,7,Parking|Wifi|Washer|Kitchen|Pool|Beach Access,"A studio in Rizal Boulevard, Dumaguete, Negros Oriental. Great for travellers.","Amazing stay, super clean and the host was very friendly!",9.306192269145985,123.30261870462732,2025-06-17
312,Cozy Studio in Ortigas Center,Metro Manila,Philippines,Ortigas Center,Studio,"₱2,950.00",4.46,190,1,2,Wifi|Workspace|Air Conditioning|Kitchen|Breakfast,"A studio in Ortigas Center, Metro Manila, NCR. Great for travellers.","Perfect place, beautiful view and spotless. Would book again!",14.588689981634682,121.0553636305527,2025-11-02
313,Charming Private Room in El Nido Town,Palawan,Philippines,El Nido Town,Private Room,"₱2,650.00",4.27,62,1,1,Air Conditioning|Pet Friendly|Breakfast|Parking,"A private room in El Nido Town, Palawan, Palawan. Great for travellers.","It was okay, decent location but nothing special.",11.178973024232706,119.39312822000053,2025-10-03
314,Luxury Private Room in Station 1,Boracay,Philippines,Station 1,Private Room,"₱3,300.00",4.39,124,1,6,Wifi|Air Conditioning|Pet Friendly|Pool|Breakfast|Beach Access,"A private room in Station 1, Boracay, Aklan. Great for travellers.","Average stay, basic amenities and fair price.",11.976697948410546,121.91801765648327,2025-01-17
315,Luxury Private Room in Urbiztondo,La Union,Philippines,"Urbiztondo, San Juan",Private Room,"₱2,000.00",,81,1,2,Breakfast|Air Conditioning|Parking|Workspace|Kitchen|Pet Friendly|Beach Access,"A private room in Urbiztondo, San Juan, La Union, La Union. Great for travellers.","Dirty bathroom and very noisy at night, disappointing.",16.67583138926387,120.32707002852874,2025-12-15
316,Modern Private Room in Calle Crisologo,Vigan,Philippines,Calle Crisologo,Private Room,"₱1,650.00",4.63,188,1,1,Kitchen|Pet Friendly|Wifi,"A private room in Calle Crisologo, Vigan, Ilocos Sur. Great for travellers.","Perfect place, beautiful view and spotless. Would book again!",17.574160709834715,120.38696230970952,2025-05-23
317,Charming Private Room in Camp John Hay,Baguio,Philippines,Camp John Hay,Private Room,"₱1,200.00",4.09,308,1,5,Pet Friendly|Air Conditioning|Kitchen|Breakfast|Pool,"A private room in Camp John Hay, Baguio, Benguet. Great for travellers.","Average stay, basic amenities and fair price.",16.395271879777994,120.60867563650716,2025-12-12
318,Charming Villa in Urbiztondo,La Union,Philippines,"Urbiztondo, San Juan",Villa,"₱5,900.00",4.47,113,4,1,Washer|Kitchen|Pool|Breakfast|Beach Access,"A villa in Urbiztondo, San Juan, La Union, La Union. Great for travellers.","Loved the location, great value and comfortable beds.",16.669295862555412,120.32629984368073,2025-11-18
319,Charming Private Room in Station 2,Boracay,Philippines,Station 2,Private Room,"₱2,700.00",4.44,205,1,1,Wifi|Workspace|Kitchen,"A private room in Station 2, Boracay, Aklan. Great for travellers.","Loved the location, great value and comfortable beds.",11.964676159366714,121.9232787433744,2025-04-18
320,Rustic Entire Home in Mactan Island,Cebu,Philippines,Mactan Island,Entire Home,"₱3,100.00",4.3,315,1,3,Pet Friendly|Washer|Pool|Parking|Beach Access,"A entire home in Mactan Island, Cebu, Cebu. Great for travellers.","It was okay, decent location but nothing special.",10.309189844269078,123.97840809683076,2025-04-18
321,Cozy Villa in Rizal Boulevard,Dumaguete,Philippines,Rizal Boulevard,Villa,"₱5,250.00",4.42,303,2,5,Breakfast|Pool|Workspace|Wifi|Washer|Parking,"A villa in Rizal Boulevard, Dumaguete, Negros Oriental. Great for travellers.","Loved the location, great value and comfortable beds.",9.309251227000107,123.30196169898375,2025-09-01
322,Charming Studio in Bonifacio Global City,Metro Manila,Philippines,Bonifacio Global City,Studio,"₱3,850.00",4.66,308,1,1,Pet Friendly|Air Conditioning|Workspace|Kitchen|Washer|Pool,"A studio in Bonifacio Global City, Metro Manila, NCR. Great for travellers.","Perfect place, beautiful view and spotless. Would book again!",14.547953568442857,121.0492817633072,2025-02-01
323,Quiet Entire Home in El Nido Town,Palawan,Philippines,El Nido Town,Entire Home,"₱6,050.00",4.36,116,3,2,Breakfast|Parking|Pet Friendly|Wifi,"A entire home in El Nido Town, Palawan, Palawan. Great for travellers.","It was okay, decent location but nothing special.",11.18199177475721,119.39429001239253,2025-08-20
324,Quiet Private Room in El Nido Town,Palawan,Philippines,El Nido Town,Private Room,"₱2,550.00",4.24,202,1,1,Air Conditioning|Pet Friendly|Pool|Workspace|Parking|Kitchen|Beach Access,"A private room in El Nido Town, Palawan, Palawan. Great for travellers.","Average stay, basic amenities and fair price.",11.176192604928909,119.39073816361665,2025-06-15
325,Luxury Studio in Diniwid Beach,Boracay,Philippines,Diniwid Beach,Studio,"₱5,350.00",4.56,80,1,3,Workspace|Air Conditioning|Kitchen|Pool|Breakfast,"A studio in Diniwid Beach, Boracay, Aklan. Great for travellers.","Perfect place, beautiful view and spotless. Would book again!",11.981400519246968,121.91647650167178,2025-09-07
326,Minimalist Villa in Urbiztondo,La Union,Philippines,"Urbiztondo, San Juan",Villa,"₱4,850.00",3.88,296,2,6,Parking|Washer|Breakfast|Wifi|Air Conditioning|Beach Access,"A villa in Urbiztondo, San Juan, La Union, La Union. Great for travellers.","Dirty bathroom and very noisy at night, disappointing.",16.671498989570587,120.32101520847513,2025-05-09
327,Luxury Studio in Urbiztondo,La Union,Philippines,"Urbiztondo, San Juan",Studio,"₱2,600.00",4.37,96,1,2,Kitchen|Workspace|Breakfast|Air Conditioning|Washer,"A studio in Urbiztondo, San Juan, La Union, La Union. Great for travellers.","It was okay, decent location but nothing special.",16.669249059284446,120.32237842080055,2025-03-11
328,Bright Private Room in Lahug,Cebu,Philippines,Lahug,Private Room,"₱1,400.00",4.37,248,1,2,Pool|Breakfast|Parking|Workspace|Beach Access,"A private room in Lahug, Cebu, Cebu. Great for travellers.","It was okay, decent location but nothing special.",10.331833775531072,123.9014396105928,2025-04-15
329,Rustic Entire Home in Tomas Morato,Metro Manila,Philippines,"Tomas Morato, Quezon City",Entire Home,"₱4,500.00",5.0,33,2,5,Pool|Washer|Pet Friendly|Wifi,"A entire home in Tomas Morato, Quezon City, Metro Manila, NCR. Great for travellers.","Perfect place, beautiful view and spotless. Would book again!",14.62522709329441,121.03440546642616,2025-12-26
330,Quiet Private Room in Tomas Morato,Metro Manila,Philippines,"Tomas Morato, Quezon City",Private Room,"₱1,550.00",3.67,250,1,3,Kitchen|Parking|Pool|Wifi,"A private room in Tomas Morato, Quezon City, Metro Manila, NCR. Great for travellers.","Dirty bathroom and very noisy at night, disappointing.",14.626002944886695,121.03240098088492,2025-08-08
331,Cozy Studio in Burnham Park,Baguio,Philippines,Burnham Park,Studio,"₱2,600.00",4.61,115,1,4,Breakfast|Pet Friendly|Workspace,"A studio in Burnham Park, Baguio, Benguet. Great for travellers.","Perfect place, beautiful view and spotless. Would book again!",16.41080569219808,120.59150721375686,2025-07-14
332,Cozy Private Room in Puerto Princesa City,Palawan,Philippines,Puerto Princesa City,Private Room,"₱2,200.00",4.37,286,1,4,Workspace|Breakfast|Pool|Kitchen|Air Conditioning|Parking|Beach Access,"A private room in Puerto Princesa City, Palawan, Palawan. Great for travellers.","It was okay, decent location but nothing special.",9.738890816280414,118.73589858065262,2025-04-18
333,Quiet Entire Home in Station 1,Boracay,Philippines,Station 1,Entire Home,"₱6,750.00",5.0,222,2,3,Breakfast|Pool|Workspace|Kitchen|Air Conditioning,"A entire home in Station 1, Boracay, Aklan. Great for travellers.","Amazing stay, super clean and the host was very friendly!",11.977140910768098,121.92025399261728,2025-11-10
334,Quiet Entire Home in Malate,Metro Manila,Philippines,Malate,Entire Home,"₱4,800.00",3.84,22,3,5,Kitchen|Pool|Wifi|Washer|Workspace,"A entire home in Malate, Metro Manila, NCR. Great for travellers.","Dirty bathroom and very noisy at night, disappointing.",14.57236402204906,120.98710745015194,2025-03-04
335,Bright Private Room in Poblacion,Metro Manila,Philippines,"Poblacion, Makati",Private Room,"₱1,900.00",,237,1,5,Workspace|Pet Friendly|Wifi|Breakfast,"A private room in Poblacion, Makati, Metro Manila, NCR. Great for travellers.","Perfect place, beautiful view and spotless. Would book again!",14.565496895406678,121.02955145259995,2025-02-14
336,Rustic Bahay Kubo in Calle Crisologo,Vigan,Philippines,Calle Crisologo,Bahay Kubo,"₱1,350.00",3.73,134,1,3,Pet Friendly|Parking|Workspace|Wifi|Breakfast|Washer,"A bahay kubo in Calle Crisologo, Vigan, Ilocos Sur. Great for travellers. A traditional nipa hut.","Bad experience, host was slow to reply and the bed was uncomfortable.",17.574223846709117,120.3890025707489,2025-05-12
337,Quiet Entire Home in Mactan Island,Cebu,Philippines,Mactan Island,Entire Home,"₱3,000.00",4.4,300,4,2,Workspace|Kitchen|Wifi,"A entire home in Mactan Island, Cebu, Cebu. Great for travellers.","It was okay, decent location but nothing special.",10.307818682606467,123.98240189469512,2025-07-10
338,Sunny Shared Room in Station 1,Boracay,Philippines,Station 1,Shared Room,"₱1,800.00",5.0,46,1,4,Wifi|Pet Friendly|Kitchen|Beach Access,"A shared room in Station 1, Boracay, Aklan. Great for travellers.","Loved the location, great value and comfortable beds.",11.976834951968055,121.91556382835728,2025-05-27
339,Sunny Private Room in Rizal Boulevard,Dumaguete,Philippines,Rizal Boulevard,Private Room,"₱1,100.00",4.56,51,1,7,Pet Friendly|Workspace|Pool|Beach Access,"A private room in Rizal Boulevard, Dumaguete, Negros Oriental. Great for travellers.","Perfect place, beautiful view and spotless. Would book again!",9.3033120818956,123.30694848612636,2025-10-27
340,Bright Villa in Lanang,Davao,Philippines,Lanang,Villa,"₱4,350.00",4.41,140,1,2,Wifi|Parking|Air Conditioning|Breakfast|Pool|Washer,"A villa in Lanang, Davao, Davao del Sur. Great for travellers.","Perfect place, beautiful view and spotless. Would book again!",7.102409430176994,125.64996603872422,2025-04-12
341,Seaside Shared Room in Tomas Morato,Metro Manila,Philippines,"Tomas Morato, Quezon City",Shared Room,"₱1,100.00",4.41,69,1,3,Air Conditioning|Workspace|Pet Friendly|Pool|Parking,"A shared room in Tomas Morato, Quezon City, Metro Manila, NCR. Great for travellers.","Perfect place, beautiful view and spotless. Would book again!",14.630477520275706,121.03446424591633,2025-02-09
342,Sunny Private Room in Tagaytay Ridge,Tagaytay,Philippines,Tagaytay Ridge,Private Room,"₱2,500.00",4.75,94,1,8,Breakfast|Pool|Washer|Workspace|Wifi|Pet Friendly,"A private room in Tagaytay Ridge, Tagaytay, Cavite. Great for travellers.","Amazing stay, super clean and the host was very friendly!",14.116436054614153,120.9623294540815,2025-07-02
343,Bright Private Room in Tagaytay Ridge,Tagaytay,Philippines,Tagaytay Ridge,Private Room,"₱2,100.00",4.12,238,1,1,Workspace|Pet Friendly|Kitchen|Air Conditioning|Breakfast|Pool,"A private room in Tagaytay Ridge, Tagaytay, Cavite. Great for travellers.","Average stay, basic amenities and fair price.",14.118012827627753,120.96002523763676,2025-12-03
344,Modern Shared Room in Alona Beach,Bohol,Philippines,"Alona Beach, Panglao",Shared Room,"₱1,450.00",4.88,87,1,2,Breakfast|Washer|Pool|Parking|Workspace|Kitchen,"A shared room in Alona Beach, Panglao, Bohol, Bohol. Great for travellers.","Loved the location, great value and comfortable beds.",9.546245367282161,123.77554393872799,2025-04-16
345,Luxury Studio in General Luna,Siargao,Philippines,General Luna,Studio,"₱2,250.00",3.58,112,1,7,Parking|Kitchen|Pool|Breakfast|Air Conditioning,"A studio in General Luna, Siargao, Surigao del Norte. Great for travellers.","Bad experience, host was slow to reply and the bed was uncomfortable.",9.786630716706075,126.15852458929191,2025-11-13
346,Bright Bahay Kubo in Urbiztondo,La Union,Philippines,"Urbiztondo, San Juan",Bahay Kubo,"₱1,600.00",4.19,46,1,8,Wifi|Kitchen|Air Conditioning|Washer|Beach Access,"A bahay kubo in Urbiztondo, San Juan, La Union, La Union. Great for travellers. A traditional nipa hut.","Average stay, basic amenities and fair price.",16.670293892992316,120.32876070076576,2025-06-19
347,Luxury Shared Room in Rizal Boulevard,Dumaguete,Philippines,Rizal Boulevard,Shared Room,₱800.00,4.18,82,1,4,Workspace|Pool|Parking|Air Conditioning|Beach Access,"A shared room in Rizal Boulevard, Dumaguete, Negros Oriental. Great for travellers.","Average stay, basic amenities and fair price.",9.303519907922048,123.30927020990688,2025-11-21
348,Charming Bahay Kubo in Cloud 9,Siargao,Philippines,Cloud 9,Bahay Kubo,"₱2,850.00",4.16,130,2,5,Pet Friendly|Washer|Parking|Beach Access,"A bahay kubo in Cloud 9, Siargao, Surigao del Norte. Great for travellers. A traditional nipa hut.","Average stay, basic amenities and fair price.",9.812598566116694,126.16912302493596,2025-08-15
349,Seaside Private Room in Diniwid Beach,Boracay,Philippines,Diniwid Beach,Private Room,"₱2,550.00",4.03,170,1,8,Air Conditioning|Pool|Kitchen|Pet Friendly,"A private room in Diniwid Beach, Boracay, Aklan. Great for travellers.","It was okay, decent location but nothing special.",11.98185636179406,121.9153722326536,
350,Luxury Studio in Rizal Boulevard,Dumaguete,Philippines,Rizal Boulevard,Studio,"₱1,350.00",4.07,118,1,3,Breakfast|Workspace|Parking,"A studio in Rizal Boulevard, Dumaguete, Negros Oriental. Great for travellers.","It was okay, decent location but nothing special.",9.30903816234172,123.30609029566115,2025-04-11
351,Luxury Studio in Cloud 9,Siargao,Philippines,Cloud 9,Studio,"₱2,050.00",4.54,250,1,8,Air Conditioning|Pet Friendly|Pool|Wifi|Washer|Parking,"A studio in Cloud 9, Siargao, Surigao del Norte. Great for travellers.","Amazing stay, super clean and the host was very friendly!",9.812828811286309,126.16959561839691,2025-10-13
352,Luxury Bahay Kubo in El Nido Town,Palawan,Philippines,El Nido Town,Bahay Kubo,"₱3,100.00",4.47,52,2,7,Breakfast|Workspace|Wifi|Beach Access,"A bahay kubo in El Nido Town, Palawan, Palawan. Great for travellers. A traditional nipa hut.","Loved the location, great value and comfortable beds.",11.180802844757117,119.39378541517407,2025-02-24
353,Minimalist Entire Home in Coron Town,Palawan,Philippines,Coron Town,Entire Home,"₱6,700.00",4.36,315,1,6,Air Conditioning|Washer|Parking|Pet Friendly|Breakfast|Wifi|Beach Access,"A entire home in Coron Town, Palawan, Palawan. Great for travellers.","It was okay, decent location but nothing special.",12.00285533356327,120.20187882530261,2025-10-13
354,Charming Studio in Calle Crisologo,Vigan,Philippines,Calle Crisologo,Studio,"₱2,350.00",4.26,30,1,4,Parking|Wifi|Washer|Pool|Breakfast|Kitchen,"A studio in Calle Crisologo, Vigan, Ilocos Sur. Great for travellers.","It was okay, decent location but nothing special.",17.570947106129548,120.38808546987562,2025-05-08
355,Luxury Shared Room in Poblacion District,Davao,Philippines,Poblacion District,Shared Room,₱950.00,5.0,177,1,3,Kitchen|Air Conditioning|Breakfast|Parking,"A shared room in Poblacion District, Davao, Davao del Sur. Great for travellers.","Perfect place, beautiful view and spotless. Would book again!",7.066427267339725,125.60539981513287,2025-09-25
356,Luxury Entire Home in Cloud 9,Siargao,Philippines,Cloud 9,Entire Home,"₱3,750.00",4.42,280,1,6,Kitchen|Pool|Workspace,"A entire home in Cloud 9, Siargao, Surigao del Norte. Great for travellers.","Loved the location, great value and comfortable beds.",9.807736105005212,126.16414634274123,2025-03-10
357,Quiet Studio in Station 1,Boracay,Philippines,Station 1,Studio,"₱3,700.00",4.63,49,1,3,Kitchen|Air Conditioning|Pet Friendly|Pool|Workspace|Wifi|Beach Access,"A studio in Station 1, Boracay, Aklan. Great for travellers.","Amazing stay, super clean and the host was very friendly!",11.978185229625586,121.92006987264881,2025-06-27
358,Minimalist Private Room in Bonifacio Global City,Metro Manila,Philippines,Bonifacio Global City,Private Room,"₱2,450.00",4.11,190,1,3,Parking|Pet Friendly|Breakfast|Workspace|Kitchen|Washer,"A private room in Bonifacio Global City, Metro Manila, NCR. Great for travellers.","It was okay, decent location but nothing special.",14.548838270848673,121.05187786619784,2025-11-28
359,Luxury Shared Room in Ortigas Center,Metro Manila,Philippines,Ortigas Center,Shared Room,"₱1,100.00",4.73,92,1,3,Pet Friendly|Pool|Air Conditioning|Wifi|Washer|Breakfast,"A shared room in Ortigas Center, Metro Manila, NCR. Great for travellers.","Perfect place, beautiful view and spotless. Would book again!",14.584258968751039,121.06016170102077,2025-01-03
360,Cozy Entire Home in Tagaytay Ridge,Tagaytay,Philippines,Tagaytay Ridge,Entire Home,"₱3,950.00",4.66,203,3,4,Workspace|Breakfast|Wifi,"A entire home in Tagaytay Ridge, Tagaytay, Cavite. Great for travellers.","Perfect place, beautiful view and spotless. Would book again!",14.113236437224609,120.96440948158715,2025-12-12
361,Rustic Villa in Urbiztondo,La Union,Philippines,"Urbiztondo, San Juan",Villa,"₱4,350.00",4.28,155,4,2,Kitchen|Air Conditioning|Breakfast|Pool|Workspace|Beach Access,"A villa in Urbiztondo, San Juan, La Union, La Union. Great for travellers.","Average stay, basic amenities and fair price.",16.675515155441683,120.32459719437735,2025-10-15
362,Rustic Studio in Tagaytay Ridge,Tagaytay,Philippines,Tagaytay Ridge,Studio,"₱2,950.00",,195,1,6,Pet Friendly|Workspace|Kitchen|Wifi,"A studio in Tagaytay Ridge, Tagaytay, Cavite. Great for travellers.","Amazing stay, super clean and the host was very friendly!",14.114308827486116,120.95908810550911,2025-11-24
363,Quiet Villa in Lanang,Davao,Philippines,Lanang,Villa,"₱4,400.00",4.21,256,1,7,Parking|Breakfast|Pet Friendly|Workspace|Kitchen|Washer,"A villa in Lanang, Davao, Davao del Sur. Great for travellers.","Average stay, basic amenities and fair price.",7.10167460942214,125.65238522643,2025-05-28
364,Seaside Private Room in Station 2,Boracay,Philippines,Station 2,Private Room,"₱4,200.00",4.47,158,1,7,Wifi|Breakfast|Air Conditioning|Washer|Kitchen|Pet Friendly|Beach Access,"A private room in Station 2, Boracay, Aklan. Great for travellers.","Amazing stay, super clean and the host was very friendly!",11.962322315133493,121.92247276267865,2025-11-22
365,Minimalist Private Room in Calle Crisologo,Vigan,Philippines,Calle Crisologo,Private Room,"₱1,000.00",4.88,259,1,7,Workspace|Washer|Parking|Air Conditioning|Kitchen|Pet Friendly,"A private room in Calle Crisologo, Vigan, Ilocos Sur. Great for travellers.","Perfect place, beautiful view and spotless. Would book again!",17.573336017635466,120.3859841090271,2025-08-24
366,Seaside Studio in Station 2,Boracay,Philippines,Station 2,Studio,"₱3,950.00",4.68,255,1,5,Wifi|Washer|Pool|Pet Friendly,"A studio in Station 2, Boracay, Aklan. Great for travellers.","Amazing stay, super clean and the host was very friendly!",11.964233057504908,121.92380006309804,2025-09-03
367,Luxury Entire Home in Poblacion,Metro Manila,Philippines,"Poblacion, Makati",Entire Home,"₱3,800.00",4.67,114,1,1,Washer|Kitchen|Breakfast|Parking|Pool,"A entire home in Poblacion, Makati, Metro Manila, NCR. Great for travellers.","Perfect place, beautiful view and spotless. Would book again!",14.56223055381102,121.02859933108296,2025-12-13
368,Charming Private Room in Coron Town,Palawan,Philippines,Coron Town,Private Room,"₱3,300.00",4.61,68,1,7,Breakfast|Pool|Kitchen|Air Conditioning,"A private room in Coron Town, Palawan, Palawan. Great for travellers.","Loved the location, great value and comfortable beds.",12.006500231263745,120.200521156382,2025-05-12
369,Charming Villa in Alona Beach,Bohol,Philippines,"Alona Beach, Panglao",Villa,"₱5,200.00",4.37,154,4,4,Wifi|Breakfast|Washer,"A villa in Alona Beach, Panglao, Bohol, Bohol. Great for travellers.","Average stay, basic amenities and fair price.",9.549581682187576,123.77276340700976,2025-04-24
370,Charming Shared Room in Puerto Princesa City,Palawan,Philippines,Puerto Princesa City,Shared Room,"₱1,500.00",4.72,254,1,4,Kitchen|Wifi|Parking|Breakfast|Workspace|Air Conditioning,"A shared room in Puerto Princesa City, Palawan, Palawan. Great for travellers.","Perfect place, beautiful view and spotless. Would book again!",9.738682263611798,118.73648979761305,2025-10-25
371,Seaside Studio in Cebu IT Park,Cebu,Philippines,Cebu IT Park,Studio,"₱3,300.00",4.22,145,1,8,Pool|Breakfast|Workspace|Washer|Parking,"A studio in Cebu IT Park, Cebu, Cebu. Great for travellers.","Average stay, basic amenities and fair price.",10.327882891642082,123.90783023875403,2025-04-10
372,Quiet Entire Home in Session Road,Baguio,Philippines,Session Road,Entire Home,"₱2,950.00",,59,3,3,Pool|Pet Friendly|Air Conditioning|Washer,"A entire home in Session Road, Baguio, Benguet. Great for travellers.","Perfect place, beautiful view and spotless. Would book again!",16.415507513218905,120.59442715670178,2025-09-14
373,Seaside Bahay Kubo in Cloud 9,Siargao,Philippines,Cloud 9,Bahay Kubo,"₱2,000.00",4.5,220,2,6,Parking|Wifi|Kitchen|Pool|Workspace|Beach Access,"A bahay kubo in Cloud 9, Siargao, Surigao del Norte. Great for travellers. A traditional nipa hut.","Perfect place, beautiful view and spotless. Would book again!",9.805291071851823,126.16958624130768,2025-05-10
374,Minimalist Entire Home in Ortigas Center,Metro Manila,Philippines,Ortigas Center,Entire Home,"₱4,300.00",3.96,228,4,5,Kitchen|Pool|Air Conditioning|Breakfast|Wifi,"A entire home in Ortigas Center, Metro Manila, NCR. Great for travellers.","Average stay, basic amenities and fair price.",14.585528764315006,121.05683851367081,2025-12-02
375,Cozy Shared Room in Dapa,Siargao,Philippines,Dapa,Shared Room,"₱1,200.00",4.19,100,1,4,Parking|Kitchen|Breakfast|Workspace,"A shared room in Dapa, Siargao, Surigao del Norte. Great for travellers.","It was okay, decent location but nothing special.",9.756045938404537,126.0584458151957,2025-08-12
376,Charming Villa in Tagaytay Ridge,Tagaytay,Philippines,Tagaytay Ridge,Villa,"₱6,000.00",4.55,21,1,5,Workspace|Breakfast|Kitchen|Wifi,"A villa in Tagaytay Ridge, Tagaytay, Cavite. Great for travellers.","Perfect place, beautiful view and spotless. Would book again!",14.114094152088029,120.96198323379451,2025-09-17
377,Cozy Studio in Tagaytay Ridge,Tagaytay,Philippines,Tagaytay Ridge,Studio,"₱2,400.00",4.29,251,1,8,Kitchen|Breakfast|Pool|Air Conditioning|Pet Friendly|Workspace,"A studio in Tagaytay Ridge, Tagaytay, Cavite. Great for travellers.","Average stay, basic amenities and fair price.",14.11290230703348,120.96246635103839,2025-02-23
378,Sunny Villa in Tagaytay Ridge,Tagaytay,Philippines,Tagaytay Ridge,Villa,"₱5,550.00",4.71,210,1,1,Air Conditioning|Washer|Pool,"A villa in Tagaytay Ridge, Tagaytay, Cavite. Great for travellers.","Amazing stay, super clean and the host was very friendly!",14.113676558657493,120.9631028755298,2025-08-16
379,Sunny Private Room in Cloud 9,Siargao,Philippines,Cloud 9,Private Room,"₱2,100.00",,270,1,1,Washer|Workspace|Kitchen|Pet Friendly,"A private room in Cloud 9, Siargao, Surigao del Norte. Great for travellers.","Amazing stay, super clean and the host was very friendly!",9.809947421117212,126.16302634977858,2025-08-15
380,Seaside Private Room in Calle Crisologo,Vigan,Philippines,Calle Crisologo,Private Room,₱900.00,4.56,107,1,4,Pet Friendly|Wifi|Pool|Kitchen|Air Conditioning,"A private room in Calle Crisologo, Vigan, Ilocos Sur. Great for travellers.","Perfect place, beautiful view and spotless. Would book again!",17.57187197209763,120.3900817125461,2025-11-22
381,Cozy Studio in El Nido Town,Palawan,Philippines,El Nido Town,Studio,"₱3,250.00",4.8,207,1,3,Pet Friendly|Kitchen|Air Conditioning,"A studio in El Nido Town, Palawan, Palawan. Great for travellers.","Perfect place, beautiful view and spotless. Would book again!",11.178343811760612,119.39292997611612,2025-03-25
382,Bright Studio in Station 1,Boracay,Philippines,Station 1,Studio,"₱6,350.00",4.28,273,1,3,Kitchen|Air Conditioning|Wifi|Breakfast|Pool|Beach Access,"A studio in Station 1, Boracay, Aklan. Great for travellers.","Average stay, basic amenities and fair price.",11.979911257059442,121.91672159481868,2025-01-03
383,Minimalist Private Room in Cloud 9,Siargao,Philippines,Cloud 9,Private Room,"₱1,450.00",4.56,237,1,8,Air Conditioning|Workspace|Pool|Washer|Kitchen|Parking|Beach Access,"A private room in Cloud 9, Siargao, Surigao del Norte. Great for travellers.","Loved the location, great value and comfortable beds.",9.80644209305301,126.16565267622205,2025-04-26
384,Minimalist Villa in General Luna,Siargao,Philippines,General Luna,Villa,"₱6,800.00",4.64,3,4,7,Pet Friendly|Pool|Washer|Workspace|Wifi,"A villa in General Luna, Siargao, Surigao del Norte. Great for travellers.","Amazing stay, super clean and the host was very friendly!",9.787480662134504,126.15603185005962,2025-07-21
385,Sunny Private Room in Camp John Hay,Baguio,Philippines,Camp John Hay,Private Room,"₱1,550.00",4.3,202,1,8,Parking|Kitchen|Air Conditioning|Wifi|Pool,"A private room in Camp John Hay, Baguio, Benguet. Great for travellers.","Average stay, basic amenities and fair price.",16.396591206501423,120.61273449296473,2025-06-02
386,Rustic Entire Home in General Luna,Siargao,Philippines,General Luna,Entire Home,"₱3,100.00",4.48,227,4,2,Breakfast|Washer|Wifi|Kitchen|Pet Friendly|Beach Access,"A entire home in General Luna, Siargao, Surigao del Norte. Great for travellers.","Perfect place, beautiful view and spotless. Would book again!",9.784768234347474,126.1613861136322,2025-06-04
387,Rustic Entire Home in Burnham Park,Baguio,Philippines,Burnham Park,Entire Home,"₱3,200.00",4.58,315,2,2,Kitchen|Breakfast|Washer|Parking,"A entire home in Burnham Park, Baguio, Benguet. Great for travellers.","Perfect place, beautiful view and spotless. Would book again!",16.41356739518574,120.5890628413809,2025-07-08
388,Modern Villa in Diniwid Beach,Boracay,Philippines,Diniwid Beach,Villa,"₱8,850.00",4.6,265,3,2,Washer|Air Conditioning|Parking|Pool|Wifi|Breakfast,"A villa in Diniwid Beach, Boracay, Aklan. Great for travellers.","Amazing stay, super clean and the host was very friendly!",11.980619686417105,121.91984846878164,2025-02-09
389,Modern Entire Home in Burnham Park,Baguio,Philippines,Burnham Park,Entire Home,"₱3,300.00",4.71,263,3,5,Pool|Parking|Breakfast|Workspace,"A entire home in Burnham Park, Baguio, Benguet. Great for travellers.","Loved the location, great value and comfortable beds.",16.41529729632055,120.59447064377521,2025-08-26
390,Charming Private Room in Lanang,Davao,Philippines,Lanang,Private Room,"₱1,400.00",4.18,88,1,7,Breakfast|Pool|Kitchen|Washer,"A private room in Lanang, Davao, Davao del Sur. Great for travellers.","It was okay, decent location but nothing special.",7.102549039707163,125.64843968369983,2025-08-13
391,Charming Bahay Kubo in Lahug,Cebu,Philippines,Lahug,Bahay Kubo,"₱2,000.00",4.73,235,1,3,Air Conditioning|Workspace|Pool|Kitchen|Washer,"A bahay kubo in Lahug, Cebu, Cebu. Great for travellers. A traditional nipa hut.","Perfect place, beautiful view and spotless. Would book again!",10.333116656294107,123.89669004201798,2025-11-25
392,Quiet Villa in Station 1,Boracay,Philippines,Station 1,Villa,"₱13,800.00",4.37,281,4,6,Parking|Kitchen|Breakfast|Beach Access,"A villa in Station 1, Boracay, Aklan. Great for travellers.","It was okay, decent location but nothing special.",11.976785846367394,121.92288588585204,2025-05-26
393,Bright Shared Room in Dapa,Siargao,Philippines,Dapa,Shared Room,"₱1,350.00",4.88,40,1,7,Wifi|Pool|Parking|Beach Access,"A shared room in Dapa, Siargao, Surigao del Norte. Great for travellers.","Amazing stay, super clean and the host was very friendly!",9.756541602745184,126.05691036331545,2025-09-25
394,Quiet Entire Home in Urbiztondo,La Union,Philippines,"Urbiztondo, San Juan",Entire Home,"₱4,800.00",4.16,51,2,6,Workspace|Washer|Pet Friendly,"A entire home in Urbiztondo, San Juan, La Union, La Union. Great for travellers.","Average stay, basic amenities and fair price.",16.670256793515332,120.32317978582442,2025-02-08
395,Modern Entire Home in Rizal Boulevard,Dumaguete,Philippines,Rizal Boulevard,Entire Home,"₱2,600.00",4.04,295,1,3,Air Conditioning|Pool|Workspace|Washer|Parking|Beach Access,"A entire home in Rizal Boulevard, Dumaguete, Negros Oriental. Great for travellers.","Average stay, basic amenities and fair price.",9.303045430066692,123.30434235727274,2025-09-16
396,Modern Studio in Mactan Island,Cebu,Philippines,Mactan Island,Studio,"₱2,750.00",4.27,13,1,1,Washer|Kitchen|Wifi,"A studio in Mactan Island, Cebu, Cebu. Great for travellers.","It was okay, decent location but nothing special.",10.313255279849985,123.97703059472468,2025-05-27
397,Rustic Studio in Tagaytay Ridge,Tagaytay,Philippines,Tagaytay Ridge,Studio,"₱2,450.00",4.89,206,1,3,Washer|Pool|Kitchen|Air Conditioning|Workspace,"A studio in Tagaytay Ridge, Tagaytay, Cavite. Great for travellers.","Perfect place, beautiful view and spotless. Would book again!",14.1123152084412,120.96118091784332,2025-09-11
398,Charming Private Room in Coron Town,Palawan,Philippines,Coron Town,Private Room,"₱3,000.00",4.18,164,1,7,Kitchen|Pet Friendly|Parking|Pool|Workspace|Wifi|Beach Access,"A private room in Coron Town, Palawan, Palawan. Great for travellers.","Average stay, basic amenities and fair price.",12.000551225122107,120.20078317046766,2025-03-23
399,Modern Shared Room in Calle Crisologo,Vigan,Philippines,Calle Crisologo,Shared Room,₱950.00,4.42,233,1,8,Washer|Pet Friendly|Pool,"A shared room in Calle Crisologo, Vigan, Ilocos Sur. Great for travellers.","Loved the location, great value and comfortable beds.",17.5759205889113,120.38324966894028,2025-05-11
400,Quiet Shared Room in Alona Beach,Bohol,Philippines,"Alona Beach, Panglao",Shared Room,"₱1,500.00",4.68,43,1,4,Washer|Pet Friendly|Air Conditioning|Pool|Kitchen|Wifi,"A shared room in Alona Beach, Panglao, Bohol, Bohol. Great for travellers.","Loved the location, great value and comfortable beds.",9.550255028007282,123.77444460511443,2025-01-26
401,Rustic Studio in Calle Crisologo,Vigan,Philippines,Calle Crisologo,Studio,"₱1,950.00",4.12,319,1,1,Air Conditioning|Kitchen|Washer|Breakfast,"A studio in Calle Crisologo, Vigan, Ilocos Sur. Great for travellers.","It was okay, decent location but nothing special.",17.57814541688193,120.38331363014134,2025-01-24
402,Seaside Private Room in Cebu IT Park,Cebu,Philippines,Cebu IT Park,Private Room,"₱2,300.00",4.74,161,1,5,Pet Friendly|Workspace|Air Conditioning|Pool|Beach Access,"A private room in Cebu IT Park, Cebu, Cebu. Great for travellers.","Amazing stay, super clean and the host was very friendly!",10.327571697672118,123.9082685892276,2025-01-12
403,Luxury Villa in Station 1,Boracay,Philippines,Station 1,Villa,"₱11,450.00",3.92,190,1,8,Breakfast|Pool|Wifi|Beach Access,"A villa in Station 1, Boracay, Aklan. Great for travellers.","Average stay, basic amenities and fair price.",11.972362397129277,121.9159851852339,2025-02-03
404,Seaside Private Room in Coron Town,Palawan,Philippines,Coron Town,Private Room,"₱2,750.00",4.26,220,1,2,Pet Friendly|Breakfast|Parking|Pool|Workspace|Washer|Beach Access,"A private room in Coron Town, Palawan, Palawan. Great for travellers.","It was okay, decent location but nothing special.",12.003706881792764,120.20407761808309,2025-12-05
405,Bright Shared Room in Diniwid Beach,Boracay,Philippines,Diniwid Beach,Shared Room,"₱2,600.00",4.54,199,1,5,Parking|Pet Friendly|Wifi|Workspace|Breakfast|Air Conditioning|Beach Access,"A shared room in Diniwid Beach, Boracay, Aklan. Great for travellers.","Amazing stay, super clean and the host was very friendly!",11.984083558185983,121.91959148506457,2025-11-23
406,Bright Studio in Lahug,Cebu,Philippines,Lahug,Studio,"₱2,250.00",4.74,14,1,8,Breakfast|Washer|Kitchen,"A studio in Lahug, Cebu, Cebu. Great for travellers.","Amazing stay, super clean and the host was very friendly!",10.338642477594359,123.8958478647036,2025-06-24
407,Cozy Entire Home in Puerto Princesa City,Palawan,Philippines,Puerto Princesa City,Entire Home,"₱3,600.00",4.3,301,1,8,Washer|Pet Friendly|Workspace|Pool|Kitchen|Beach Access,"A entire home in Puerto Princesa City, Palawan, Palawan. Great for travellers.","It was okay, decent location but nothing special.",9.739543325017872,118.73716433984718,2025-04-17
408,Bright Private Room in Ortigas Center,Metro Manila,Philippines,Ortigas Center,Private Room,"₱2,050.00",4.76,184,1,2,Parking|Wifi|Breakfast|Pet Friendly|Pool,"A private room in Ortigas Center, Metro Manila, NCR. Great for travellers.","Loved the location, great value and comfortable beds.",14.587220462748753,121.06017057215631,2025-07-19
409,Charming Private Room in General Luna,Siargao,Philippines,General Luna,Private Room,"₱1,400.00",4.48,36,1,5,Air Conditioning|Breakfast|Wifi|Beach Access,"A private room in General Luna, Siargao, Surigao del Norte. Great for travellers.","Amazing stay, super clean and the host was very friendly!",9.785687055081013,126.15614862179507,2025-02-24
410,Quiet Studio in Rizal Boulevard,Dumaguete,Philippines,Rizal Boulevard,Studio,"₱1,550.00",4.56,209,1,4,Pet Friendly|Washer|Workspace|Breakfast|Air Conditioning,"A studio in Rizal Boulevard, Dumaguete, Negros Oriental. Great for travellers.","Amazing stay, super clean and the host was very friendly!",9.303479318956072,123.30923558797984,2025-09-18
411,Bright Entire Home in Tagaytay Ridge,Tagaytay,Philippines,Tagaytay Ridge,Entire Home,"₱6,050.00",4.29,67,2,5,Workspace|Air Conditioning|Wifi|Washer|Pet Friendly,"A entire home in Tagaytay Ridge, Tagaytay, Cavite. Great for travellers.","Average stay, basic amenities and fair price.",14.114843064165564,120.96283942797552,2025-11-23
412,Sunny Bahay Kubo in Cebu IT Park,Cebu,Philippines,Cebu IT Park,Bahay Kubo,"₱1,450.00",4.58,230,1,2,Wifi|Pet Friendly|Air Conditioning|Pool|Kitchen|Beach Access,"A bahay kubo in Cebu IT Park, Cebu, Cebu. Great for travellers. A traditional nipa hut.","Loved the location, great value and comfortable beds.",10.32821549059716,123.90383634985136,2025-04-08
413,Bright Private Room in Tomas Morato,Metro Manila,Philippines,"Tomas Morato, Quezon City",Private Room,"₱1,950.00",4.34,51,1,2,Breakfast|Pool|Pet Friendly|Air Conditioning|Washer|Kitchen,"A private room in Tomas Morato, Quezon City, Metro Manila, NCR. Great for travellers.","It was okay, decent location but nothing special.",14.627623392198153,121.03734510752524,2025-02-03
414,Rustic Shared Room in Matina,Davao,Philippines,Matina,Shared Room,"₱1,050.00",4.86,95,1,8,Breakfast|Pet Friendly|Air Conditioning|Washer|Kitchen|Workspace,"A shared room in Matina, Davao, Davao del Sur. Great for travellers.","Amazing stay, super clean and the host was very friendly!",7.048302587422718,125.58676190810779,2025-10-18
415,Charming Private Room in Lahug,Cebu,Philippines,Lahug,Private Room,"₱2,000.00",4.48,33,1,2,Pet Friendly|Breakfast|Air Conditioning|Parking|Kitchen|Washer|Beach Access,"A private room in Lahug, Cebu, Cebu. Great for travellers.","Perfect place, beautiful view and spotless. Would book again!",10.33414945497023,123.89781190235496,2025-12-15
416,Charming Studio in Puerto Princesa City,Palawan,Philippines,Puerto Princesa City,Studio,"₱3,350.00",4.24,211,1,6,Air Conditioning|Wifi|Parking|Washer|Kitchen|Workspace,"A studio in Puerto Princesa City, Palawan, Palawan. Great for travellers.","It was okay, decent location but nothing special.",9.74287950828132,118.73416244223412,2025-10-07
417,Sunny Private Room in Station 2,Boracay,Philippines,Station 2,Private Room,"₱4,400.00",5.0,12,1,7,Wifi|Parking|Pet Friendly,"A private room in Station 2, Boracay, Aklan. Great for travellers.","Perfect place, beautiful view and spotless. Would book again!",11.968491936071166,121.92618510242826,2025-12-15
418,Rustic Private Room in Session Road,Baguio,Philippines,Session Road,Private Room,"₱1,800.00",4.19,160,1,5,Wifi|Pool|Workspace|Washer,"A private room in Session Road, Baguio, Benguet. Great for travellers.","Average stay, basic amenities and fair price.",16.413929318590213,120.5989132244308,2025-08-01
419,Sunny Entire Home in Cloud 9,Siargao,Philippines,Cloud 9,Entire Home,,4.84,272,2,7,Kitchen|Breakfast|Workspace|Wifi|Washer|Pool|Beach Access,"A entire home in Cloud 9, Siargao, Surigao del Norte. Great for travellers.","Amazing stay, super clean and the host was very friendly!",9.81195571552644,126.16386292207756,2025-06-20
420,Seaside Studio in Tomas Morato,Metro Manila,Philippines,"Tomas Morato, Quezon City",Studio,"₱3,700.00",4.67,115,1,3,Pet Friendly|Wifi|Breakfast|Kitchen,"A studio in Tomas Morato, Quezon City, Metro Manila, NCR. Great for travellers.","Perfect place, beautiful view and spotless. Would book again!",14.62659682482468,121.03273224576661,2025-01-12
155,Charming Entire Home in Calle Crisologo,Vigan,Philippines,Calle Crisologo,Entire Home,"₱3,300.00",4.18,250,1,6,Kitchen|Air Conditioning|Pool|Parking|Washer,"A entire home in Calle Crisologo, Vigan, Ilocos Sur. Great for travellers.","It was okay, decent location but nothing special.",17.57149716231559,120.38729066406056,2025-10-04
7,Modern Private Room in Camp John Hay,Baguio,Philippines,Camp John Hay,Private Room,"₱1,850.00",4.69,118,1,4,Workspace|Air Conditioning|Kitchen|Wifi|Pet Friendly,"A private room in Camp John Hay, Baguio, Benguet. Great for travellers.","Loved the location, great value and comfortable beds.",16.39309650447875,120.61464874849254,2025-03-09
222,Bright Private Room in Alona Beach,Bohol,Philippines,"Alona Beach, Panglao",Private Room,"₱2,550.00",4.38,288,1,5,Breakfast|Kitchen|Pool|Workspace|Air Conditioning|Pet Friendly,"A private room in Alona Beach, Panglao, Bohol, Bohol. Great for travellers.","Average stay, basic amenities and fair price.",9.549063492500121,123.77267431291067,2025-05-22
328,Bright Private Room in Lahug,Cebu,Philippines,Lahug,Private Room,"₱1,400.00",4.37,248,1,2,Pool|Breakfast|Parking|Workspace|Beach Access,"A private room in Lahug, Cebu, Cebu. Great for travellers.","It was okay, decent location but nothing special.",10.331833775531072,123.9014396105928,2025-04-15
85,Luxury Studio in Rizal Boulevard,Dumaguete,Philippines,Rizal Boulevard,Studio,"₱1,450.00",4.62,239,1,5,Breakfast|Air Conditioning|Workspace|Kitchen|Beach Access,"A studio in Rizal Boulevard, Dumaguete, Negros Oriental. Great for travellers.","Perfect place, beautiful view and spotless. Would book again!",9.308879103442925,123.30659686020168,2025-08-12
192,Seaside Entire Home in Tagaytay Ridge,Tagaytay,Philippines,Tagaytay Ridge,Entire Home,"₱3,350.00",,298,3,3,Pool|Breakfast|Pet Friendly,"A entire home in Tagaytay Ridge, Tagaytay, Cavite. Great for travellers.","Dirty bathroom and very noisy at night, disappointing.",14.11377653299045,120.96016431760339,2025-09-27
350,Luxury Studio in Rizal Boulevard,Dumaguete,Philippines,Rizal Boulevard,Studio,"₱1,350.00",4.07,118,1,3,Breakfast|Workspace|Parking,"A studio in Rizal Boulevard, Dumaguete, Negros Oriental. Great for travellers.","It was okay, decent location but nothing special.",9.30903816234172,123.30609029566115,2025-04-11
349,Seaside Private Room in Diniwid Beach,Boracay,Philippines,Diniwid Beach,Private Room,"₱2,550.00",4.03,170,1,8,Air Conditioning|Pool|Kitchen|Pet Friendly,"A private room in Diniwid Beach, Boracay, Aklan. Great for travellers.","It was okay, decent location but nothing special.",11.98185636179406,121.9153722326536,
204,Sunny Private Room in Urbiztondo,La Union,Philippines,"Urbiztondo, San Juan",Private Room,"₱1,800.00",4.21,116,1,6,Wifi|Workspace|Washer|Air Conditioning|Pool|Breakfast|Beach Access,"A private room in Urbiztondo, San Juan, La Union, La Union. Great for travellers.","It was okay, decent location but nothing special.",16.673306236660174,120.32823307209232,2025-07-26
73,Quiet Shared Room in Poblacion,Metro Manila,Philippines,"Poblacion, Makati",Shared Room,"₱1,350.00",4.46,10,1,6,Parking|Washer|Pool|Air Conditioning,"A shared room in Poblacion, Makati, Metro Manila, NCR. Great for travellers.","Amazing stay, super clean and the host was very friendly!",14.563653618128901,121.02826074576666,2025-12-25
287,Rustic Villa in Coron Town,Palawan,Philippines,Coron Town,Villa,"₱5,750.00",4.34,188,1,1,Kitchen|Workspace|Air Conditioning|Washer|Pool|Beach Access,"A villa in Coron Town, Palawan, Palawan. Great for travellers.","Average stay, basic amenities and fair price.",12.004350850298067,120.20577443345185,2025-04-03
384,Minimalist Villa in General Luna,Siargao,Philippines,General Luna,Villa,"₱6,800.00",4.64,3,4,7,Pet Friendly|Pool|Washer|Workspace|Wifi,"A villa in General Luna, Siargao, Surigao del Norte. Great for travellers.","Amazing stay, super clean and the host was very friendly!",9.787480662134504,126.15603185005962,2025-07-21